Workbook

Sheet Sheet2
B1: =B3/$K$3 -> 0.13220339 | C1: =C3/$K$3 -> 0.12881356 | D1: =D3/$K$3 -> 0.12881356 | E1: =E3/$K$3 -> 0.12542373 | F1: =F3/$K$3 -> 0.13898305 | G1: =G3/$K$3 -> 0.094915254 | H1: =H3/$K$3 -> 0.10169492 | I1: =I3/$K$3 -> 0.091525424 | J1: =J3/$K$3 -> 0.057627119 | O1: =O3/$X$3 -> 0.14731707 | P1: =P3/$X$3 -> 0.097560976 | Q1: =Q3/$X$3 -> 0.13170732 | R1: =R3/$X$3 -> 0.10439024 | S1: =S3/$X$3 -> 0.15219512 | T1: =T3/$X$3 -> 0.070243902 | U1: =U3/$X$3 -> 0.085853659 | V1: =V3/$X$3 -> 0.093658537 | W1: =W3/$X$3 -> 0.11707317
B2: Gen 1 | C2: Gen 2 | D2: Gen 3 | E2: Gen 4 | F2: Gen 5 | G2: Gen 6 | H2: Gen 7 | I2: Gen 8 | J2: Gen 9 | K2: Total | O2: Gen 1 | P2: Gen 2 | Q2: Gen 3 | R2: Gen 4 | S2: Gen 5 | T2: Gen 6 | U2: Gen 7 | V2: Gen 8 | W2: Gen 9 | X2: Total
B3: =L10 -> 39 | C3: =L11 -> 38 | D3: =L12 -> 38 | E3: =L13 -> 37 | F3: =L14 -> 41 | G3: =L15 -> 28 | H3: =L16 -> 30 | I3: =L17 -> 27 | J3: =L18 -> 17 | K3: =SUM(B3:J3) -> 295 | O3: 151 | P3: 100 | Q3: 135 | R3: 107 | S3: 156 | T3: 72 | U3: 88 | V3: 96 | W3: 120 | X3: =SUM(O3:W3) -> 1025
O4: =O6/$X$6 -> 0.14731707 | P4: =P6/$X$6 -> 0.097560976 | Q4: =Q6/$X$6 -> 0.13170732 | R4: =R6/$X$6 -> 0.10439024 | S4: =S6/$X$6 -> 0.15219512 | T4: =T6/$X$6 -> 0.070243902 | U4: =U6/$X$6 -> 0.085853659 | V4: =V6/$X$6 -> 0.093658537 | W4: =W6/$X$6 -> 0.11707317
B5: =B7/$K$3 -> 0.11864407 | C5: =C7/$K$3 -> 0.11864407 | D5: =D7/$K$3 -> 0.12542373 | E5: =E7/$K$3 -> 0.1220339 | F5: =F7/$K$3 -> 0.10847458 | G5: =G7/$K$3 -> 0.098305085 | H5: =H7/$K$3 -> 0.12542373 | I5: =I7/$K$3 -> 0.06779661 | ... L5: =L7/$K$3 -> 0.027118644 | O5: Gen 1 | P5: Gen 2 | Q5: Gen 3 | R5: Gen 4 | S5: Gen 5 | T5: Gen 6 | U5: Gen 7 | V5: Gen 8 | W5: Gen 9 | X5: Total
B6: Grass | C6: Fire | D6: Water | E6: Lightning | F6: Fighting | G6: Psychic | H6: Darkness | I6: Metal | J6: Colorless | K6: Trainers | L6: Energies | M6: Total | O6: =O3*40% -> 60.4 | P6: =P3*40% -> 40 | Q6: =Q3*40% -> 54 | R6: =R3*40% -> 42.8 | S6: =S3*40% -> 62.4 | T6: =T3*40% -> 28.8 | U6: =U3*40% -> 35.2 | V6: =V3*40% -> 38.4 | W6: =W3*40% -> 48 | X6: =SUM(O6:W6) -> 410
B7: =C19 -> 35 | C7: =D19 -> 35 | D7: =E19 -> 37 | E7: =F19 -> 36 | F7: =G19 -> 32 | G7: =H19 -> 29 | H7: =I19 -> 37 | I7: =J19 -> 20 | J7: =K19 -> 34 | K7: 36 | L7: 8 | M7: =SUM(B7:L7) -> 339 | N7: =M7+P14 -> 417 | O7: =O9/O6 -> 0.64569536 | P7: =P9/P6 -> 0.95 | Q7: =Q9/Q6 -> 0.7037037 | R7: =R9/R6 -> 0.86448598 | S7: =S9/S6 -> 0.65705128 | T7: =T9/T6 -> 0.97222222 | U7: =U9/U6 -> 0.85227273 | V7: =V9/V6 -> 0.703125 | W7: =W9/W6 -> 0.35416667
N8: =M7/N7 -> 0.81294964 | O8: Gen 1 | P8: Gen 2 | Q8: Gen 3 | R8: Gen 4 | S8: Gen 5 | T8: Gen 6 | U8: Gen 7 | V8: Gen 8 | W8: Gen 9 | X8: Total
B9: All | C9: Grass | D9: Fire | E9: Water | F9: Lightning | G9: Fighting | H9: Psychic | I9: Darkness | J9: Metal | K9: Colorless | L9: Total | O9: =L10 -> 39 | P9: =L11 -> 38 | Q9: =L12 -> 38 | R9: =L13 -> 37 | S9: =L14 -> 41 | T9: =L15 -> 28 | U9: =L16 -> 30 | V9: =L17 -> 27 | W9: =L18 -> 17 | X9: =SUM(O9:W9) -> 295 | Y9: {=X9+K7:L7} -> 331 | Z9: 303
B10: Gen 1 | C10: 2 | D10: 5 | E10: 9 | F10: 6 | G10: 4 | H10: 5 | I10: 5 | K10: 3 | L10: =SUM(C10:K10) -> 39 | M10: =L10/$L$19 -> 0.13220339 | N10: =L10-'1.7'!K10 -> 5 | O10: =O6-O9 -> 21.4 | P10: =P6-P9 -> 2 | Q10: =Q6-Q9 -> 16 | R10: =R6-R9 -> 5.8 | S10: =S6-S9 -> 21.4 | T10: =T6-T9 -> 0.8 | U10: =U6-U9 -> 5.2 | V10: =V6-V9 -> 11.4 | W10: =W6-W9 -> 31
B11: Gen 2 | C11: 4 | D11: 5 | E11: 3 | F11: 6 | G11: 5 | H11: 4 | I11: 4 | J11: 1 | K11: 6 | L11: =SUM(C11:K11) -> 38 | M11: =L11/$L$19 -> 0.12881356 | N11: =L11-'1.7'!K11 -> 6
B12: Gen 3 | C12: 8 | D12: 5 | E12: 6 | F12: 2 | G12: 3 | H12: 5 | I12: 2 | J12: 3 | K12: 4 | L12: =SUM(C12:K12) -> 38 | M12: =L12/$L$19 -> 0.12881356 | N12: =L12-'1.7'!K12 -> 1
B13: Gen 4 | C13: 8 | D13: 1 | E13: 4 | F13: 5 | G13: 3 | H13: 4 | I13: 7 | K13: 5 | L13: =SUM(C13:K13) -> 37 | M13: =L13/$L$19 -> 0.12542373 | N13: =L13-'1.7'!K13 -> 3
B14: Gen 5 | C14: 2 | D14: 9 | E14: 4 | F14: 6 | G14: 3 | H14: 2 | I14: 6 | J14: 6 | K14: 3 | L14: =SUM(C14:K14) -> 41 | M14: =L14/$L$19 -> 0.13898305 | N14: =L14-'1.7'!K14 -> 3 | O14: 56 | P14: 78 | Q14: =P14-O14 -> 22
B15: Gen 6 | C15: 2 | D15: 2 | E15: 5 | F15: 2 | G15: 3 | H15: 1 | I15: 6 | J15: 3 | K15: 4 | L15: =SUM(C15:K15) -> 28 | M15: =L15/$L$19 -> 0.094915254 | N15: =L15-'1.7'!K15 -> 5 | P15: =P14-10 -> 68 | Q15: 10
B16: Gen 7 | C16: 6 | D16: 3 | E16: 3 | F16: 4 | G16: 6 | H16: 3 | I16: 1 | K16: 4 | L16: =SUM(C16:K16) -> 30 | M16: =L16/$L$19 -> 0.10169492 | N16: =L16-'1.7'!K16 -> 0 | P16: 70 | Q16: 10
B17: Gen 8 | C17: 3 | D17: 2 | E17: 3 | F17: 3 | G17: 2 | H17: 3 | I17: 4 | J17: 4 | K17: 3 | L17: =SUM(C17:K17) -> 27 | M17: =L17/$L$19 -> 0.091525424 | N17: =L17-'1.7'!K17 -> 0 | P17: =P16/9 -> 7.7777778
B18: Gen 9 | C18: 0 | D18: 3 | E18: 0 | F18: 2 | G18: 3 | H18: 2 | I18: 2 | J18: 3 | K18: 2 | L18: =SUM(C18:K18) -> 17 | M18: =L18/$L$19 -> 0.057627119 | N18: =L18-'1.7'!K18 -> 6
B19: Total | C19: =SUM(C10:C18) -> 35 | D19: =SUM(D10:D18) -> 35 | E19: =SUM(E10:E18) -> 37 | F19: =SUM(F10:F18) -> 36 | G19: =SUM(G10:G18) -> 32 | H19: =SUM(H10:H18) -> 29 | I19: =SUM(I10:I18) -> 37 | J19: =SUM(J10:J18) -> 20 | ... L19: =SUM(L10:L18) -> 295
C20: =C19/$L$19 -> 0.11864407 | D20: =D19/$L$19 -> 0.11864407 | E20: =E19/$L$19 -> 0.12542373 | F20: =F19/$L$19 -> 0.1220339 | G20: =G19/$L$19 -> 0.10847458 | H20: =H19/$L$19 -> 0.098305085 | I20: =I19/$L$19 -> 0.12542373 | J20: =J19/$L$19 -> 0.06779661 | K20: =K19/$L$19 -> 0.11525424
C21: ='1.7'!C19+$P$17 -> 43.777778 | D21: ='1.7'!D19+$P$17 -> 39.777778 | E21: ='1.7'!E19+$P$17 -> 40.777778 | F21: ='1.7'!F19+$P$17 -> 40.777778 | G21: ='1.7'!G19+$P$17 -> 41.777778 | H21: ='1.7'!H19+$P$17 -> 40.777778 | I21: ='1.7'!I19+$P$17 -> 39.777778 | J21: =J19+$P$17 -> 27.777778 | K21: ='1.7'!J19+$P$17 -> 40.777778
C22: =C19-'1.7'!C19 -> -1 | D22: =D19-'1.7'!D19 -> 3 | E22: =E19-'1.7'!E19 -> 4 | F22: =F19-'1.7'!F19 -> 3 | G22: =G19-'1.7'!G19 -> -2 | H22: =H19-'1.7'!H19 -> -4 | I22: =I19-'1.7'!I19 -> 5 | K22: =K19-'1.7'!J19 -> 1 | L22: =SUM(C22:K22) -> 9
B23: Trainers
B24: 46
B25: =K7/$B$24 -> 0.7826087
P27: Input
P28: 31 | Q28: 255
P29: 30 | Q29: =(P29*255)/31 -> 246.77419 | S29: 2
P30: 27 | Q30: =(P30*255)/31 -> 222.09677 | S30: 3
P31: 24 | Q31: =(P31*255)/31 -> 197.41935 | S31: 6
Q32: Input
P33: 255 | Q33: 31
P34: =(Q34*31)/255 -> 30.14902 | Q34: 248
P35: =(Q35*31)/255 -> 33.796078 | Q35: 278
P36: =(Q36*31)/255 -> 0 | Q36: 0

Sheet Sheet4
B1: Average | H1: Highest | N1: Lowest | T1: General Average
B2: Grass Pokemon | C2: Basic | D2: Stage 1 | E2: Stage 2 | F2: Average | H2: Grass Pokemon | I2: Basic | J2: Stage 1 | K2: Stage 2 | L2: Average | N2: Grass Pokemon | O2: Basic | P2: Stage 1 | Q2: Stage 2 | R2: Average | T2: Pokemon | U2: Basic | V2: Stage 1 | W2: Stage 2
B3: HP | C3: =Sheet1!K3 -> 54.117647 | D3: =Sheet1!L3 -> 76.666667 | E3: =Sheet1!M3 -> 95 | F3: =AVERAGE(C3:E3) -> 75.261438 | H3: HP | I3: =Sheet1!K7 -> 70 | J3: =Sheet1!L7 -> 100 | K3: =Sheet1!M7 -> 100 | L3: =AVERAGE(I3:K3) -> 90 | N3: HP | O3: =Sheet1!K9 -> 40 | P3: =Sheet1!L9 -> 70 | Q3: =Sheet1!M9 -> 90 | R3: =AVERAGE(O3:Q3) -> 66.666667 | T3: HP | U3: =SUM(C3,C8,C13,C18,C23,C28,C33)/7 -> 53.986391 | V3: =SUM(D3,D8,D13,D18,D23,D28,D33)/7 -> 75.267066 | W3: =SUM(E3,E8,E13,E18,E23,E28,E33)/7 -> 102.44898
B4: RETREAT | C4: =Sheet1!K5 -> 1.1176471 | D4: =Sheet1!L5 -> 1.6666667 | E4: =Sheet1!M5 -> 1 | F4: =AVERAGE(C4:E4) -> 1.2614379 | H4: RETREAT | I4: =Sheet1!K11 -> 2 | J4: =Sheet1!L11 -> 4 | K4: =Sheet1!M11 -> 2 | L4: =AVERAGE(I4:K4) -> 2.6666667 | N4: RETREAT | O4: =Sheet1!K13 -> 0 | P4: =Sheet1!L13 -> 0 | Q4: =Sheet1!M13 -> 0 | R4: =AVERAGE(O4:Q4) -> 0 | T4: RETREAT | U4: =SUM(C4,C9,C14,C19,C24,C29,C34)/7 -> 1.1201514 | V4: =SUM(D4,D9,D14,D19,D24,D29,D34)/7 -> 1.6081395 | W4: =SUM(E4,E9,E14,E19,E24,E29,E34)/7 -> 1.935034
B6: Average | H6: Highest | N6: Lowest | T6: General MAX
B7: Fire Pokemon | C7: Basic | D7: Stage 1 | E7: Stage 2 | F7: Average | H7: Fire Pokemon | I7: Basic | J7: Stage 1 | K7: Stage 2 | L7: Average | N7: Fire Pokemon | O7: Basic | P7: Stage 1 | Q7: Stage 2 | R7: Average | T7: Pokemon | U7: Basic | V7: Stage 1 | W7: Stage 2
B8: HP | C8: =Sheet1!Y3 -> 60.666667 | D8: =Sheet1!Z3 -> 78.181818 | E8: =Sheet1!AA3 -> 108 | F8: =AVERAGE(C8:E8) -> 82.282828 | H8: HP | I8: =Sheet1!Y7 -> 100 | J8: =Sheet1!Z7 -> 90 | K8: =Sheet1!AA7 -> 120 | L8: =AVERAGE(I8:K8) -> 103.33333 | N8: HP | O8: =MIN(Sheet1!V3:V39) -> 30 | P8: =MIN(Sheet1!W3:W39) -> 70 | Q8: =MIN(Sheet1!X3:X39) -> 100 | R8: =AVERAGE(O8:Q8) -> 66.666667 | T8: HP | U8: =SUM(I3,I8,I13,I18,I23,I28,I33)/7 -> 81.428571 | V8: =SUM(J3,J8,J13,J18,J23,J28,J33)/7 -> 91.428571 | W8: =SUM(K3,K8,K13,K18,K23,K28,K33)/7 -> 112.85714
B9: RETREAT | C9: =Sheet1!Y5 -> 1.4 | D9: =Sheet1!Z5 -> 1.8181818 | E9: =Sheet1!AA5 -> 2.6 | F9: =AVERAGE(C9:E9) -> 1.9393939 | H9: RETREAT | I9: =Sheet1!Y11 -> 3 | J9: =Sheet1!Z11 -> 3 | K9: =Sheet1!AA11 -> 3 | L9: =AVERAGE(I9:K9) -> 3 | N9: RETREAT | O9: =MIN(Sheet1!V41:V77) -> 0 | P9: =MIN(Sheet1!W41:W77) -> 1 | Q9: =MIN(Sheet1!X41:X77) -> 2 | R9: =AVERAGE(O9:Q9) -> 1 | T9: RETREAT | U9: =SUM(I4,I9,I14,I19,I24,I29,I34)/7 -> 2.2857143 | V9: =SUM(J4,J9,J14,J19,J24,J29,J34)/7 -> 3 | W9: =SUM(K4,K9,K14,K19,K24,K29,K34)/7 -> 3
B11: Average | H11: Highest | N11: Lowest | T11: General MIN
B12: Water Pokemon | C12: Basic | D12: Stage 1 | E12: Stage 2 | F12: Average | H12: Water Pokemon | I12: Basic | J12: Stage 1 | K12: Stage 2 | L12: Average | N12: Water Pokemon | O12: Basic | P12: Stage 1 | Q12: Stage 2 | R12: Average | T12: Pokemon | U12: Basic | V12: Stage 1 | W12: Stage 2
B13: HP | C13: =Sheet1!AM3 -> 54.285714 | D13: =Sheet1!AN3 -> 75.714286 | E13: =Sheet1!AO3 -> 104 | F13: =AVERAGE(C13:E13) -> 78 | H13: HP | I13: =MAX(Sheet1!AJ3:AJ39) -> 80 | J13: =MAX(Sheet1!AK3:AK39) -> 90 | K13: =MAX(Sheet1!AL3:AL39) -> 110 | L13: =AVERAGE(I13:K13) -> 93.333333 | N13: HP | O13: =MIN(Sheet1!AJ3:AJ39) -> 40 | P13: =MIN(Sheet1!AK3:AK39) -> 60 | Q13: =MIN(Sheet1!AL3:AL39) -> 90 | R13: =AVERAGE(O13:Q13) -> 63.333333 | T13: HP | U13: =SUM(O3,O8,O13,O18,O23,O28,O33)/7 -> 32.857143 | V13: =SUM(P3,P8,P13,P18,P23,P28,P33)/7 -> 65.714286 | W13: =SUM(Q3,Q8,Q13,Q18,Q23,Q28,Q33)/7 -> 94.285714
B14: RETREAT | C14: =Sheet1!AM5 -> 1.0714286 | D14: =Sheet1!AN5 -> 1.5714286 | E14: =Sheet1!AO5 -> 2 | F14: =AVERAGE(C14:E14) -> 1.547619 | H14: RETREAT | I14: =MAX(Sheet1!AJ41:AJ77) -> 2 | J14: =MAX(Sheet1!AK41:AK77) -> 3 | K14: =MAX(Sheet1!AL41:AL77) -> 3 | L14: =AVERAGE(I14:K14) -> 2.6666667 | N14: RETREAT | O14: =MIN(Sheet1!AJ41:AJ77) -> 0 | P14: =MIN(Sheet1!AK41:AK77) -> 1 | Q14: =MIN(Sheet1!AL41:AL77) -> 1 | R14: =AVERAGE(O14:Q14) -> 0.66666667 | T14: RETREAT | U14: =SUM(O4,O9,O14,O19,O24,O29,O34)/7 -> 0 | V14: =SUM(P4,P9,P14,P19,P24,P29,P34)/7 -> 0.57142857 | W14: =SUM(Q4,Q9,Q14,Q19,Q24,Q29,Q34)/7 -> 0.85714286
B16: Average | H16: Highest | N16: Lowest | T16: How Many?
B17: Lightning Pokemon | C17: Basic | D17: Stage 1 | E17: Stage 2 | F17: Average | H17: Lightning Pokemon | I17: Basic | J17: Stage 1 | K17: Stage 2 | L17: Average | N17: Lightning Pokemon | O17: Basic | P17: Stage 1 | Q17: Stage 2 | R17: Average | T17: Pokemon | U17: Basic | V17: Stage 1 | W17: Stage 2
B18: HP | C18: =Sheet1!BA3 -> 53.333333 | D18: =Sheet1!BB3 -> 73 | E18: =Sheet1!BC3 -> 105 | F18: =AVERAGE(C18:E18) -> 77.111111 | H18: HP | I18: =MAX(Sheet1!AX3:AX39) -> 90 | J18: =MAX(Sheet1!AY3:AY39) -> 90 | K18: =MAX(Sheet1!AZ3:AZ39) -> 110 | L18: =AVERAGE(I18:K18) -> 96.666667 | N18: HP | O18: =MIN(Sheet1!AX3:AX39) -> 30 | P18: =MIN(Sheet1!AY3:AY39) -> 70 | Q18: =MIN(Sheet1!AZ3:AZ39) -> 100 | R18: =AVERAGE(O18:Q18) -> 66.666667 | T18: =SUM(U18:W18) -> 231 | U18: =SUM(Sheet1!G4,Sheet1!U4,Sheet1!AI4,Sheet1!AW4,Sheet1!BK4,Sheet1!BY4,Sheet1!CM4) -> 107 | V18: =SUM(Sheet1!G5,Sheet1!U5,Sheet1!AI5,Sheet1!AW5,Sheet1!BK5,Sheet1!BY5,Sheet1!CM5) -> 88 | W18: =SUM(Sheet1!G6,Sheet1!U6,Sheet1!AI6,Sheet1!AW6,Sheet1!BK6,Sheet1!BY6,Sheet1!CM6) -> 36
B19: RETREAT | C19: =Sheet1!BA5 -> 1.0555556 | D19: =Sheet1!BB5 -> 1.4 | E19: =Sheet1!BC5 -> 1.75 | F19: =AVERAGE(C19:E19) -> 1.4018519 | H19: RETREAT | I19: =MAX(Sheet1!AX41:AX77) -> 3 | J19: =MAX(Sheet1!AY41:AY77) -> 3 | K19: =MAX(Sheet1!AZ41:AZ77) -> 3 | L19: =AVERAGE(I19:K19) -> 3 | N19: RETREAT | O19: =MIN(Sheet1!AX41:AX77) -> 0 | P19: =MIN(Sheet1!AY41:AY77) -> 1 | Q19: =MIN(Sheet1!AZ41:AZ77) -> 1 | R19: =AVERAGE(O19:Q19) -> 0.66666667 | U19: =U18/$T$18 -> 0.46320346 | V19: =V18/$T$18 -> 0.38095238 | W19: =W18/$T$18 -> 0.15584416
B21: Average | H21: Highest | N21: Lowest
B22: Fighting Pokemon | C22: Basic | D22: Stage 1 | E22: Stage 2 | F22: Average | H22: Fighting Pokemon | I22: Basic | J22: Stage 1 | K22: Stage 2 | L22: Average | N22: Fighting Pokemon | O22: Basic | P22: Stage 1 | Q22: Stage 2 | R22: Average
B23: HP | C23: =Sheet1!BO3 -> 52.857143 | D23: =Sheet1!BP3 -> 75.384615 | E23: =Sheet1!BQ3 -> 107.14286 | F23: =AVERAGE(C23:E23) -> 78.461538 | H23: HP | I23: =MAX(Sheet1!BL3:BL39) -> 70 | J23: =MAX(Sheet1!BM3:BM39) -> 100 | K23: =MAX(Sheet1!BN3:BN39) -> 120 | L23: =AVERAGE(I23:K23) -> 96.666667 | N23: HP | O23: =MIN(Sheet1!BL3:BL39) -> 30 | P23: =MIN(Sheet1!BM3:BM39) -> 60 | Q23: =MIN(Sheet1!BN3:BN39) -> 100 | R23: =AVERAGE(O23:Q23) -> 63.333333
B24: RETREAT | C24: =Sheet1!BO5 -> 1.0714286 | D24: =Sheet1!BP5 -> 1.8461538 | E24: =Sheet1!BQ5 -> 2.4285714 | F24: =AVERAGE(C24:E24) -> 1.7820513 | H24: RETREAT | I24: =MAX(Sheet1!BL41:BL77) -> 2 | J24: =MAX(Sheet1!BM41:BM77) -> 3 | K24: =MAX(Sheet1!BN41:BN77) -> 4 | L24: =AVERAGE(I24:K24) -> 3 | N24: RETREAT | O24: =MIN(Sheet1!BL41:BL77) -> 0 | P24: =MIN(Sheet1!BM41:BM77) -> 1 | Q24: =MIN(Sheet1!BN41:BN77) -> 1 | R24: =AVERAGE(O24:Q24) -> 0.66666667
B26: Average | H26: Highest | N26: Lowest
B27: Psychic Pokemon | C27: Basic | D27: Stage 1 | E27: Stage 2 | F27: Average | H27: Psychic Pokemon | I27: Basic | J27: Stage 1 | K27: Stage 2 | L27: Average | N27: Psychic Pokemon | O27: Basic | P27: Stage 1 | Q27: Stage 2 | R27: Average
B28: HP | C28: =Sheet1!CC3 -> 51.875 | D28: =Sheet1!CD3 -> 73.636364 | E28: =Sheet1!CE3 -> 100 | F28: =AVERAGE(C28:E28) -> 75.170455 | H28: HP | I28: =Sheet1!CC7 -> 80 | J28: =Sheet1!CD7 -> 80 | K28: =Sheet1!CE7 -> 120 | L28: =AVERAGE(I28:K28) -> 93.333333 | N28: HP | O28: =Sheet1!CC9 -> 30 | P28: =Sheet1!CD9 -> 70 | Q28: =Sheet1!CE9 -> 90 | R28: =AVERAGE(O28:Q28) -> 63.333333
B29: RETREAT | C29: =Sheet1!CC5 -> 1.125 | D29: =Sheet1!CD5 -> 1.4545455 | E29: =Sheet1!CE5 -> 2.1666667 | F29: =AVERAGE(C29:E29) -> 1.5820707 | H29: RETREAT | I29: =Sheet1!CC11 -> 2 | J29: =Sheet1!CD11 -> 2 | K29: =Sheet1!CE11 -> 3 | L29: =AVERAGE(I29:K29) -> 2.3333333 | N29: RETREAT | O29: =Sheet1!CC13 -> 0 | P29: =Sheet1!CD13 -> 0 | Q29: =Sheet1!CE13 -> 1 | R29: =AVERAGE(O29:Q29) -> 0.33333333
B31: Average | H31: Highest | N31: Lowest
B32: Darkness Pokemon | C32: Basic | D32: Stage 1 | E32: Stage 2 | F32: Average | H32: Darkness Pokemon | I32: Basic | J32: Stage 1 | K32: Stage 2 | L32: Average | N32: Darkness Pokemon | O32: Basic | P32: Stage 1 | Q32: Stage 2 | R32: Average
B33: HP | C33: =Sheet1!CQ3 -> 50.769231 | D33: =Sheet1!CR3 -> 74.285714 | E33: =Sheet1!CS3 -> 98 | F33: =AVERAGE(C33:E33) -> 74.351648 | H33: HP | I33: =Sheet1!CQ7 -> 80 | J33: =Sheet1!CR7 -> 90 | K33: =Sheet1!CS7 -> 110 | L33: =AVERAGE(I33:K33) -> 93.333333 | N33: HP | O33: =Sheet1!CQ9 -> 30 | P33: =Sheet1!CR9 -> 60 | Q33: =Sheet1!CS9 -> 90 | R33: =AVERAGE(O33:Q33) -> 60
B34: RETREAT | C34: =Sheet1!CQ5 -> 1 | D34: =Sheet1!CR5 -> 1.5 | E34: =Sheet1!CS5 -> 1.6 | F34: =AVERAGE(C34:E34) -> 1.3666667 | H34: RETREAT | I34: =Sheet1!CQ11 -> 2 | J34: =Sheet1!CR11 -> 3 | K34: =Sheet1!CS11 -> 3 | L34: =AVERAGE(I34:K34) -> 2.6666667 | N34: RETREAT | O34: =Sheet1!CQ13 -> 0 | P34: =Sheet1!CR13 -> 0 | Q34: =Sheet1!CS13 -> 0 | R34: =AVERAGE(O34:Q34) -> 0

Sheet Sheet6
C2: WK | D2: RS
B3: GRASS | C3: =Sheet5!H3 -> 0 | D3: =Sheet5!I3 -> 5 | F3: FIRE | G3: {=_xlfn._xlws.SORT(C3:C9,,-1)} -> 23 | I3: FIRE | J3: {=_xlfn._xlws.SORT(D3:D9,,)} -> 1 | L3: =AVERAGE(G3,J3) -> 12 | M3: {=_xlfn._xlws.SORT(L3:L9,,-1)} -> 12
B4: FIRE | C4: =Sheet5!H8 -> 23 | D4: =Sheet5!I8 -> 1 | F4: LIGHTNING | G4: 4 | I4: DARKNESS | J4: 1 | L4: =AVERAGE(G4,J5) -> 3 | M4: 6
B5: WATER | C5: =Sheet5!H13 -> 3 | D5: =Sheet5!I13 -> 9 | F5: WATER | G5: 3 | I5: LIGHTNING | J5: 2 | L5: =AVERAGE(G5,J9) -> 6 | M5: 4.5
B6: LIGHTNING | C6: =Sheet5!H18 -> 4 | D6: =Sheet5!I18 -> 2 | F6: PSYCHIC | G6: 3 | I6: PSYCHIC | J6: 2 | L6: =AVERAGE(G6,J6) -> 2.5 | M6: 3
B7: FIGHTING | C7: =Sheet5!L3 -> 2 | D7: =Sheet5!M3 -> 7 | F7: FIGHTING | G7: 2 | I7: GRASS | J7: 5 | L7: =AVERAGE(G7,J8) -> 4.5 | M7: 2.5
B8: PSYCHIC | C8: =Sheet5!L8 -> 3 | D8: =Sheet5!M8 -> 2 | F8: DARKNESS | G8: 1 | I8: FIGHTING | J8: 7 | L8: =AVERAGE(G8,J4) -> 1 | M8: 2.5
B9: DARKNESS | C9: =Sheet5!L13 -> 1 | D9: =Sheet5!M13 -> 1 | F9: GRASS | G9: 0 | I9: WATER | J9: 9 | L9: =AVERAGE(G9,J7) -> 2.5 | M9: 1

Sheet Sheet3
C2: Total | D2: Common | E2: Uncommon | F2: Rare | G2: Energy | I2: Total | J2: Common | K2: Uncommon | L2: Rare | O2: Total | P2: Common | Q2: Uncommon | R2: Rare | U2: Total | V2: Common | W2: Uncommon | X2: Rare | AA2: Total | AB2: Common | AC2: Uncommon | AD2: Rare
B3: Colosseum | C3: =SUM(B7:B47)+G3 -> 65 | D3: =C8+C13+C18+C23+C28+C33+C38+C43+C48 -> 23 | E3: =D8+D13+D18+D23+D28+D33+D38+D43+D48 -> 21 | F3: =E8+E13+E18+E23+E28+E33+E38+E43+E48 -> 11 | G3: 7 | H3: Evolution | I3: =SUM(H7:H47)+M3 -> 63 | J3: =I8+I13+I18+I23+I28+I33+I38+I43+I48 -> 23 | K3: =J8+J13+J18+J23+J28+J33+J38+J43+J48 -> 24 | L3: =K8+K13+K18+K23+K28+K33+K38+K43+K48 -> 16 | N3: Mystery | O3: =SUM(N7:N47)+S3 -> 63 | P3: =O8+O13+O18+O23+O28+O33+O38+O43+O48 -> 20 | Q3: =P8+P13+P18+P23+P28+P33+P38+P43+P48 -> 26 | R3: =Q8+Q13+Q18+Q23+Q28+Q33+Q38+Q43+Q48 -> 18 | T3: Laboratory | U3: =SUM(T7:T47)+Y3 -> 61 | V3: =U8+U13+U18+U23+U28+U33+U38+U43+U48 -> 20 | W3: =V8+V13+V18+V23+V28+V33+V38+V43+V48 -> 20 | X3: =W8+W13+W18+W23+W28+W33+W38+W43+W48 -> 21 | Z3: Promo | AA3: 5 | AB3: =AA8+AA13+AA18+AA23+AA28+AA33+AA38+AA43+AA48 -> 0 | AC3: =AB8+AB13+AB18+AB23+AB28+AB33+AB38+AB43+AB48 -> 0 | AD3: 5
D4: =D3/$C$3 -> 0.35384615 | E4: =E3/$C$3 -> 0.32307692 | F4: =F3/$C$3 -> 0.16923077 | J4: =J3/$C$3 -> 0.35384615 | K4: =K3/$C$3 -> 0.36923077 | L4: =L3/$C$3 -> 0.24615385 | P4: =P3/$C$3 -> 0.30769231 | Q4: =Q3/$C$3 -> 0.4 | R4: =R3/$C$3 -> 0.27692308 | V4: =V3/$C$3 -> 0.30769231 | W4: =W3/$C$3 -> 0.30769231 | X4: =X3/$C$3 -> 0.32307692 | AB4: =AB3/$C$3 -> 0 | AC4: =AC3/$C$3 -> 0 | AD4: =AD3/$C$3 -> 0.076923077
B5: Colosseum | C5: Basic | D5: Stage 1 | E5: Stage 2 | H5: Evolution | I5: Basic | J5: Stage 1 | K5: Stage 2 | N5: =$N$3 -> Mystery | O5: Basic | P5: Stage 1 | Q5: Stage 2 | T5: =$N$3 -> Mystery | U5: Basic | V5: Stage 1 | W5: Stage 2
B6: Grass | C6: 4 | D6: 4 | E6: 1 | H6: Grass | I6: 5 | J6: 1 | K6: 1 | N6: Grass | O6: 5 | P6: 3 | Q6: 1 | T6: Grass | U6: 4 | V6: 4 | W6: 2
B7: =SUM(C6:E6) -> 9 | C7: Common | D7: Uncommon | E7: Rare | H7: =SUM(I6:K6) -> 7 | I7: Common | J7: Uncommon | K7: Rare | N7: =SUM(O6:Q6) -> 9 | O7: Common | P7: Uncommon | Q7: Rare | T7: =SUM(U6:W6) -> 10 | U7: Common | V7: Uncommon | W7: Rare
C8: 4 | D8: 4 | E8: 1 | I8: 4 | J8: 2 | K8: 1 | O8: 4 | P8: 2 | Q8: 3 | U8: 4 | V8: 4 | W8: 2 | Y8: =U3+O3+I3+C3+AA3 -> 257
C9: =C8/$B$7 -> 0.44444444 | D9: =D8/$B$7 -> 0.44444444 | E9: =E8/$B$7 -> 0.11111111
B10: Colosseum | C10: Basic | D10: Stage 1 | E10: Stage 2 | H10: Evolution | I10: Basic | J10: Stage 1 | K10: Stage 2 | N10: =$N$3 -> Mystery | O10: Basic | P10: Stage 1 | Q10: Stage 2 | T10: =$N$3 -> Mystery | U10: Basic | V10: Stage 1 | W10: Stage 2
B11: Fire | C11: 2 | D11: 2 | E11: 1 | H11: Fire | I11: 4 | J11: 3 | K11: 1 | N11: Fire | O11: 3 | P11: 3 | Q11: 1 | T11: Fire | U11: 3 | V11: 2 | W11: 1
B12: =SUM(C11:E11) -> 5 | C12: Common | D12: Uncommon | E12: Rare | H12: =SUM(I11:K11) -> 8 | I12: Common | J12: Uncommon | K12: Rare | N12: =SUM(O11:Q11) -> 7 | O12: Common | P12: Uncommon | Q12: Rare | T12: =SUM(U11:W11) -> 6 | U12: Common | V12: Uncommon | W12: Rare
C13: 2 | D13: 2 | E13: 1 | I13: 3 | J13: 3 | K13: 2 | O13: 2 | P13: 3 | Q13: 2 | U13: 2 | V13: 2 | W13: 2
C14: =C13/$B$12 -> 0.4 | D14: =D13/$B$12 -> 0.4 | E14: =E13/$B$12 -> 0.2
B15: Colosseum | C15: Basic | D15: Stage 1 | E15: Stage 2 | H15: Evolution | I15: Basic | J15: Stage 1 | K15: Stage 2 | N15: =$N$3 -> Mystery | O15: Basic | P15: Stage 1 | Q15: Stage 2 | T15: =$N$3 -> Mystery | U15: Basic | V15: Stage 1 | W15: Stage 2
B16: Water | C16: 3 | D16: 2 | E16: 1 | H16: Water | I16: 4 | J16: 4 | K16: 1 | N16: Water | O16: 2 | P16: 3 | Q16: 0 | T16: Water | U16: 2 | V16: 3 | W16: 1
B17: =SUM(C16:E16) -> 6 | C17: Common | D17: Uncommon | E17: Rare | H17: =SUM(I16:K16) -> 9 | I17: Common | J17: Uncommon | K17: Rare | N17: =SUM(O16:Q16) -> 5 | O17: Common | P17: Uncommon | Q17: Rare | T17: =SUM(U16:W16) -> 6 | U17: Common | V17: Uncommon | W17: Rare
C18: 2 | D18: 3 | E18: 1 | I18: 4 | J18: 4 | K18: 1 | O18: 2 | P18: 2 | Q18: 1 | U18: 2 | V18: 2 | W18: 2
C19: =C18/$B$17 -> 0.33333333 | D19: =D18/$B$17 -> 0.5 | E19: =E18/$B$17 -> 0.16666667
B20: Colosseum | C20: Basic | D20: Stage 1 | E20: Stage 2 | H20: Evolution | I20: Basic | J20: Stage 1 | K20: Stage 2 | N20: =$N$3 -> Mystery | O20: Basic | P20: Stage 1 | Q20: Stage 2 | T20: =$N$3 -> Mystery | U20: Basic | V20: Stage 1 | W20: Stage 2
B21: Lightning | C21: 2 | D21: 2 | E21: 1 | H21: Lightning | I21: 3 | J21: 4 | K21: 1 | N21: Lightning | O21: 3 | P21: 4 | Q21: 1 | T21: Lightning | U21: 4 | V21: 2 | W21: 2
B22: =SUM(C21:E21) -> 5 | C22: Common | D22: Uncommon | E22: Rare | H22: =SUM(I21:K21) -> 8 | I22: Common | J22: Uncommon | K22: Rare | N22: =SUM(O21:Q21) -> 8 | O22: Common | P22: Uncommon | Q22: Rare | T22: =SUM(U21:W21) -> 8 | U22: Common | V22: Uncommon | W22: Rare
C23: 2 | D23: 2 | E23: 1 | I23: 3 | J23: 4 | K23: 1 | O23: 2 | P23: 3 | Q23: 3 | U23: 2 | V23: 3 | W23: 3
C24: =C23/$B$22 -> 0.4 | D24: =D23/$B$22 -> 0.4 | E24: =E23/$B$22 -> 0.2
B25: Colosseum | C25: Basic | D25: Stage 1 | E25: Stage 2 | H25: Evolution | I25: Basic | J25: Stage 1 | K25: Stage 2 | N25: =$N$3 -> Mystery | O25: Basic | P25: Stage 1 | Q25: Stage 2 | T25: =$N$3 -> Mystery | U25: Basic | V25: Stage 1 | W25: Stage 2
B26: Fighting | C26: 2 | D26: 2 | E26: 1 | H26: Fighting | I26: 3 | J26: 4 | K26: 1 | N26: Fighting | O26: 4 | P26: 2 | Q26: 1 | T26: Fighting | U26: 2 | V26: 2 | W26: 2
B27: =SUM(C26:E26) -> 5 | C27: Common | D27: Uncommon | E27: Rare | H27: =SUM(I26:K26) -> 8 | I27: Common | J27: Uncommon | K27: Rare | N27: =SUM(O26:Q26) -> 7 | O27: Common | P27: Uncommon | Q27: Rare | T27: =SUM(U26:W26) -> 6 | U27: Common | V27: Uncommon | W27: Rare
C28: 2 | D28: 2 | E28: 1 | I28: 3 | J28: 4 | K28: 1 | O28: 2 | P28: 4 | Q28: 2 | U28: 2 | V28: 0 | W28: 4
C29: =C28/$B$27 -> 0.4 | D29: =D28/$B$27 -> 0.4 | E29: =E28/$B$27 -> 0.2
B30: Colosseum | C30: Basic | D30: Stage 1 | E30: Stage 2 | H30: Evolution | I30: Basic | J30: Stage 1 | K30: Stage 2 | N30: =$N$3 -> Mystery | O30: Basic | P30: Stage 1 | Q30: Stage 2 | T30: =$N$3 -> Mystery | U30: Basic | V30: Stage 1 | W30: Stage 2
B31: Psychic | C31: 2 | D31: 2 | E31: 1 | H31: Psychic | I31: 1 | J31: 2 | K31: 2 | N31: Psychic | O31: 2 | P31: 1 | Q31: 0 | T31: Psychic | U31: 6 | V31: 3 | W31: 1
B32: =SUM(C31:E31) -> 5 | C32: Common | D32: Uncommon | E32: Rare | H32: =SUM(I31:K31) -> 5 | I32: Common | J32: Uncommon | K32: Rare | N32: =SUM(O31:Q31) -> 3 | O32: Common | P32: Uncommon | Q32: Rare | T32: =SUM(U31:W31) -> 10 | U32: Common | V32: Uncommon | W32: Rare
C33: 2 | D33: 2 | E33: 1 | I33: 1 | J33: 1 | K33: 3 | O33: 0 | P33: 1 | Q33: 2 | U33: 3 | V33: 5 | W33: 2
C34: =C33/$B$32 -> 0.4 | D34: =D33/$B$32 -> 0.4 | E34: =E33/$B$32 -> 0.2
B35: Colosseum | C35: Basic | D35: Stage 1 | E35: Stage 2 | H35: Evolution | I35: Basic | J35: Stage 1 | K35: Stage 2 | N35: =$N$3 -> Mystery | O35: Basic | P35: Stage 1 | Q35: Stage 2 | T35: =$N$3 -> Mystery | U35: Basic | V35: Stage 1 | W35: Stage 2
B36: Darkness | C36: 1 | D36: 1 | E36: 1 | H36: Darkness | I36: 1 | J36: 1 | K36: 1 | N36: Darkness | O36: 3 | P36: 5 | Q36: 2 | T36: Darkness | U36: 0 | V36: 0 | W36: 0
B37: =SUM(C36:E36) -> 3 | C37: Common | D37: Uncommon | E37: Rare | H37: =SUM(I36:K36) -> 3 | I37: Common | J37: Uncommon | K37: Rare | N37: =SUM(O36:Q36) -> 10 | O37: Common | P37: Uncommon | Q37: Rare | T37: =SUM(U36:W36) -> 0 | U37: Common | V37: Uncommon | W37: Rare
C38: 0 | D38: 0 | E38: 0 | I38: 1 | J38: 0 | K38: 2 | O38: 3 | P38: 4 | Q38: 3 | U38: 0 | V38: 0 | W38: 0
C39: =C38/$B$37 -> 0 | D39: =D38/$B$37 -> 0 | E39: =E38/$B$37 -> 0
B40: Colosseum | C40: Basic | D40: Stage 1 | E40: Stage 2 | H40: Evolution | I40: Basic | J40: Stage 1 | K40: Stage 2 | N40: =$N$3 -> Mystery | O40: Basic | P40: Stage 1 | Q40: Stage 2 | T40: =$N$3 -> Mystery | U40: Basic | V40: Stage 1 | W40: Stage 2
B41: Colorless | C41: 4 | D41: 3 | E41: 1 | H41: Colorless | I41: 3 | J41: 3 | K41: 1 | N41: Colorless | O41: 8 | P41: 1 | Q41: 0 | T41: Colorless | U41: 4 | V41: 2 | W41: 2
B42: =SUM(C41:E41) -> 8 | C42: Common | D42: Uncommon | E42: Rare | H42: =SUM(I41:K41) -> 7 | I42: Common | J42: Uncommon | K42: Rare | N42: =SUM(O41:Q41) -> 9 | O42: Common | P42: Uncommon | Q42: Rare | T42: =SUM(U41:W41) -> 8 | U42: Common | V42: Uncommon | W42: Rare
C43: 4 | D43: 3 | E43: 1 | I43: 2 | J43: 3 | K43: 2 | O43: 2 | P43: 5 | Q43: 2 | U43: 2 | V43: 2 | W43: 4
C44: =C43/$B$42 -> 0.5 | D44: =D43/$B$42 -> 0.375 | E44: =E43/$B$42 -> 0.125
B45: Colosseum | C45: Basic | D45: Stage 1 | E45: Stage 2 | H45: Evolution | I45: Basic | J45: Stage 1 | K45: Stage 2 | N45: =$N$3 -> Mystery | O45: Basic | P45: Stage 1 | Q45: Stage 2 | T45: =$N$3 -> Mystery | U45: Basic | V45: Stage 1 | W45: Stage 2
B46: Trainers | C46: 5 | D46: 3 | E46: 4 | H46: Trainers | I46: =I48 -> 2 | J46: =J48 -> 3 | K46: =K48 -> 3 | N46: Trainers | O46: =O48 -> 3 | P46: =P48 -> 2 | Q46: =Q48 -> 0 | T46: Trainers | U46: =U48 -> 3 | V46: =V48 -> 2 | W46: =W48 -> 2
B47: =SUM(C46:E46) -> 12 | C47: Common | D47: Uncommon | E47: Rare | H47: =SUM(I46:K46) -> 8 | I47: Common | J47: Uncommon | K47: Rare | N47: =SUM(O46:Q46) -> 5 | O47: Common | P47: Uncommon | Q47: Rare | T47: =SUM(U46:W46) -> 7 | U47: Common | V47: Uncommon | W47: Rare
C48: 5 | D48: 3 | E48: 4 | I48: 2 | J48: 3 | K48: 3 | O48: 3 | P48: 2 | Q48: 0 | U48: 3 | V48: 2 | W48: 2
C49: =C48/$B$47 -> 0.41666667 | D49: =D48/$B$47 -> 0.25 | E49: =E48/$B$47 -> 0.33333333

Sheet Sheet1
A2: No. | B2: Grass Pokemon | C2: Stage | D2: HP | E2: Retreat | G2: Total | H2: Basic HP | I2: Stage 1 | J2: Stage 2 | K2: Average Basic | L2: Average Stage 1 | M2: Average Stage 2 | O2: No. | P2: Fire Pokemon | Q2: Stage | R2: HP | S2: Retreat | U2: Total | V2: Basic HP | W2: Stage 1 | X2: Stage 2 | Y2: Average Basic | Z2: Average Stage 1 | AA2: Average Stage 2 | AC2: No. | AD2: Water Pokemon | AE2: Stage | AF2: HP | AG2: Retreat | AI2: Total | AJ2: Basic HP | AK2: Stage 1 | AL2: Stage 2 | AM2: Average Basic | AN2: Average Stage 1 | AO2: Average Stage 2 | AQ2: No. | AR2: Lightning Pokemon | AS2: Stage | AT2: HP | AU2: Retreat | AW2: Total | AX2: Basic HP | AY2: Stage 1 | AZ2: Stage 2 | BA2: Average Basic | BB2: Average Stage 1 | BC2: Average Stage 2 | BE2: No. | BF2: Fighting Pokemon | BG2: Stage | BH2: HP | BI2: Retreat | BK2: Total | BL2: Basic HP | BM2: Stage 1 | BN2: Stage 2 | BO2: Average Basic | BP2: Average Stage 1 | BQ2: Average Stage 2 | BS2: No. | BT2: Psychic Pokemon | BU2: Stage | BV2: HP | BW2: Retreat | BY2: Total | BZ2: Basic HP | CA2: Stage 1 | CB2: Stage 2 | CC2: Average Basic | CD2: Average Stage 1 | CE2: Average Stage 2 | CG2: No. | CH2: Darkness Pokemon | CI2: Stage | CJ2: HP | CK2: Retreat | CM2: Total | CN2: Basic HP | CO2: Stage 1 | CP2: Stage 2 | CQ2: Average Basic | CR2: Average Stage 1 | CS2: Average Stage 2
A3: 1 | B3: Chikorita | C3: Basic | D3: 50 | E3: 1 | G3: =COUNT(A3:A38) -> 36 | H3: =IF(C3="Basic",D3,"") -> 50 | I3: =IF(C3="Stage 1",D3,"") | J3: =IF(C3="Stage 2",D3,"") | K3: =AVERAGE(H3:H39) -> 54.117647 | L3: =AVERAGE(I3:I39) -> 76.666667 | M3: =AVERAGE(J3:J39) -> 95 | O3: 1 | P3: Tepig | Q3: Basic | R3: 50 | S3: 1 | U3: =COUNT(O3:O39) -> 31 | V3: =IF(Q3="Basic",R3,"") -> 50 | W3: =IF(Q3="Stage 1",R3,"") | X3: =IF(Q3="Stage 2",R3,"") | Y3: =AVERAGE(V3:V39) -> 60.666667 | Z3: =AVERAGE(W3:W39) -> 78.181818 | AA3: =AVERAGE(X3:X39) -> 108 | AC3: 1 | AD3: Froakie | AE3: Basic | AF3: 50 | AG3: 1 | AI3: =COUNT(AC3:AC39) -> 33 | AJ3: =IF(AE3="Basic",AF3,"") -> 50 | AK3: =IF(AE3="Stage 1",AF3,"") | AL3: =IF(AE3="Stage 2",AF3,"") | AM3: =AVERAGE(AJ3:AJ39) -> 54.285714 | AN3: =AVERAGE(AK3:AK39) -> 75.714286 | AO3: =AVERAGE(AL3:AL39) -> 104 | AQ3: 1 | AR3: Blitzle | AS3: Basic | AT3: 40 | AU3: 1 | AW3: =COUNT(AQ3:AQ38) -> 32 | AX3: =IF(AS3="Basic",AT3,"") -> 40 | AY3: =IF(AS3="Stage 1",AT3,"") | AZ3: =IF(AS3="Stage 2",AT3,"") | BA3: =AVERAGE(AX3:AX39) -> 53.333333 | BB3: =AVERAGE(AY3:AY39) -> 73 | BC3: =AVERAGE(AZ3:AZ39) -> 105 | BE3: 1 | BF3: Meowth | BG3: Basic | BH3: 40 | BI3: 1 | BK3: =COUNT(BE3:BE39) -> 34 | BL3: =IF(BG3="Basic",BH3,"") -> 40 | BM3: =IF(BG3="Stage 1",BH3,"") | BN3: =IF(BG3="Stage 2",BH3,"") | BO3: =AVERAGE(BL3:BL39) -> 52.857143 | BP3: =AVERAGE(BM3:BM39) -> 75.384615 | BQ3: =AVERAGE(BN3:BN39) -> 107.14286 | BS3: 1 | BT3: Ralts | BU3: Basic | BV3: 50 | BW3: 1 | BY3: =COUNT(BS3:BS39) -> 33 | BZ3: =IF(BU3="Basic",BV3,"") -> 50 | CA3: =IF(BU3="Stage 1",BV3,"") | CB3: =IF(BU3="Stage 2",BV3,"") | CC3: =AVERAGE($BZ$3:$BZ$39) -> 51.875 | CD3: =AVERAGE(CA3:CA39) -> 73.636364 | CE3: =AVERAGE(CB3:CB39) -> 100 | CG3: 1 | CH3: Deino | CI3: Basic | CJ3: 50 | CK3: 1 | CM3: =COUNT(CG3:CG39) -> 32 | CN3: =IF(CI3="Basic",CJ3,"") -> 50 | CO3: =IF(CI3="Stage 1",CJ3,"") | CP3: =IF(CI3="Stage 2",CJ3,"") | CQ3: =AVERAGE(CN3:CN39) -> 50.769231 | CR3: =AVERAGE(CO3:CO39) -> 74.285714 | CS3: =AVERAGE(CP3:CP39) -> 98 | CU3: =SUM(CM3,BY3,BK3,AW3,AI3,U3,G3) -> 231
A4: 2 | B4: Bayleef | C4: Stage 1 | D4: 70 | E4: 2 | G4: =COUNTIF(C3:C39, "Basic") -> 17 | H4: =IF(C4="Basic",D4,"") | I4: =IF(C4="Stage 1",D4,"") -> 70 | J4: =IF(C4="Stage 2",D4,"") | K4: Average Retreat Basic | L4: Average Retreat Stage 1 | M4: Average Retreat Stage 2 | O4: 2 | P4: Pignite | Q4: Stage 1 | R4: 80 | S4: 2 | U4: =COUNTIF(Q3:Q39, "Basic") -> 15 | V4: =IF(Q4="Basic",R4,"") | W4: =IF(Q4="Stage 1",R4,"") -> 80 | X4: =IF(Q4="Stage 2",R4,"") | Y4: Average Retreat Basic | Z4: Average Retreat Stage 1 | AA4: Average Retreat Stage 2 | AC4: 2 | AD4: Frogadier | AE4: Stage 1 | AF4: 70 | AG4: 1 | AI4: =COUNTIF(AE3:AE39, "Basic") -> 14 | AJ4: =IF(AE4="Basic",AF4,"") | AK4: =IF(AE4="Stage 1",AF4,"") -> 70 | AL4: =IF(AE4="Stage 2",AF4,"") | AM4: Average Retreat Basic | AN4: Average Retreat Stage 1 | AO4: Average Retreat Stage 2 | AQ4: 2 | AR4: Zebstrika | AS4: Stage 1 | AT4: 70 | AU4: 1 | AW4: =COUNTIF(AS3:AS38, "Basic") -> 18 | AX4: =IF(AS4="Basic",AT4,"") | AY4: =IF(AS4="Stage 1",AT4,"") -> 70 | AZ4: =IF(AS4="Stage 2",AT4,"") | BA4: Average Retreat Basic | BB4: Average Retreat Stage 1 | BC4: Average Retreat Stage 2 | BE4: 2 | BF4: Perrserker | BG4: Stage 1 | BH4: 70 | BI4: 2 | BK4: =COUNTIF(BG3:BG39, "Basic") -> 14 | BL4: =IF(BG4="Basic",BH4,"") | BM4: =IF(BG4="Stage 1",BH4,"") -> 70 | BN4: =IF(BG4="Stage 2",BH4,"") | BO4: Average Retreat Basic | BP4: Average Retreat Stage 1 | BQ4: Average Retreat Stage 2 | BS4: 2 | BT4: Kirlia | BU4: Stage 1 | BV4: 70 | BW4: 1 | BY4: =COUNTIF(BU3:BU39, "Basic") -> 16 | BZ4: =IF(BU4="Basic",BV4,"") | CA4: =IF(BU4="Stage 1",BV4,"") -> 70 | CB4: =IF(BU4="Stage 2",BV4,"") | CC4: Average Retreat Basic | CD4: Average Retreat Stage 1 | CE4: Average Retreat Stage 2 | CG4: 2 | CH4: Zweilous | CI4: Stage 1 | CJ4: 80 | CK4: 2 | CM4: =COUNTIF(CI3:CI39, "Basic") -> 13 | CN4: =IF(CI4="Basic",CJ4,"") | CO4: =IF(CI4="Stage 1",CJ4,"") -> 80 | CP4: =IF(CI4="Stage 2",CJ4,"") | CQ4: Average Retreat Basic | CR4: Average Retreat Stage 1 | CS4: Average Retreat Stage 2
A5: 3 | B5: Meganium | C5: Stage 2 | D5: 100 | E5: 2 | G5: =COUNTIF(C3:C39, "Stage 1") -> 15 | H5: =IF(C5="Basic",D5,"") | I5: =IF(C5="Stage 1",D5,"") | J5: =IF(C5="Stage 2",D5,"") -> 100 | K5: =AVERAGE(H41:H77) -> 1.1176471 | L5: =AVERAGE(I41:I77) -> 1.6666667 | M5: =AVERAGE(J41:J77) -> 1 | O5: 3 | P5: Emboar | Q5: Stage 2 | R5: 120 | S5: 3 | U5: =COUNTIF(Q3:Q39, "Stage 1") -> 11 | V5: =IF(Q5="Basic",R5,"") | W5: =IF(Q5="Stage 1",R5,"") | X5: =IF(Q5="Stage 2",R5,"") -> 120 | Y5: =AVERAGE(V41:V77) -> 1.4 | Z5: =AVERAGE(W41:W77) -> 1.8181818 | AA5: =AVERAGE(X41:X77) -> 2.6 | AC5: 3 | AD5: Greninja | AE5: Stage 2 | AF5: 90 | AG5: 1 | AI5: =COUNTIF(AE3:AE39, "Stage 1") -> 14 | AJ5: =IF(AE5="Basic",AF5,"") | AK5: =IF(AE5="Stage 1",AF5,"") | AL5: =IF(AE5="Stage 2",AF5,"") -> 90 | AM5: =AVERAGE(AJ41:AJ77) -> 1.0714286 | AN5: =AVERAGE(AK41:AK77) -> 1.5714286 | AO5: =AVERAGE(AL41:AL77) -> 2 | AQ5: 3 | AR5: Heloptile | AS5: Basic | AT5: 50 | AU5: 1 | AW5: =COUNTIF(AS3:AS38, "Stage 1") -> 10 | AX5: =IF(AS5="Basic",AT5,"") -> 50 | AY5: =IF(AS5="Stage 1",AT5,"") | AZ5: =IF(AS5="Stage 2",AT5,"") | BA5: =AVERAGE(AX41:AX77) -> 1.0555556 | BB5: =AVERAGE(AY41:AY77) -> 1.4 | BC5: =AVERAGE(AZ41:AZ77) -> 1.75 | BE5: 3 | BF5: Silicobra | BG5: Basic | BH5: 50 | BI5: 1 | BK5: =COUNTIF(BG3:BG39, "Stage 1") -> 13 | BL5: =IF(BG5="Basic",BH5,"") -> 50 | BM5: =IF(BG5="Stage 1",BH5,"") | BN5: =IF(BG5="Stage 2",BH5,"") | BO5: =AVERAGE(BL41:BL77) -> 1.0714286 | BP5: =AVERAGE(BM41:BM77) -> 1.8461538 | BQ5: =AVERAGE(BN41:BN77) -> 2.4285714 | BS5: 3 | BT5: Gardevoir | BU5: Stage 2 | BV5: 100 | BW5: 2 | BY5: =COUNTIF(BU3:BU39, "Stage 1") -> 11 | BZ5: =IF(BU5="Basic",BV5,"") | CA5: =IF(BU5="Stage 1",BV5,"") | CB5: =IF(BU5="Stage 2",BV5,"") -> 100 | CC5: =AVERAGE(BZ41:BZ77) -> 1.125 | CD5: =AVERAGE(CA41:CA77) -> 1.4545455 | CE5: =AVERAGE(CB41:CB77) -> 2.1666667 | CG5: 3 | CH5: Hydreigon | CI5: Stage 2 | CJ5: 100 | CK5: 3 | CM5: =COUNTIF(CI3:CI39, "Stage 1") -> 14 | CN5: =IF(CI5="Basic",CJ5,"") | CO5: =IF(CI5="Stage 1",CJ5,"") | CP5: =IF(CI5="Stage 2",CJ5,"") -> 100 | CQ5: =AVERAGE(CN41:CN77) -> 1 | CR5: =AVERAGE(CO41:CO77) -> 1.5 | CS5: =AVERAGE(CP41:CP77) -> 1.6
A6: 4 | B6: Celebi | C6: Basic | D6: 70 | E6: 1 | G6: =COUNTIF(C3:C39, "Stage 2") -> 4 | H6: =IF(C6="Basic",D6,"") -> 70 | I6: =IF(C6="Stage 1",D6,"") | J6: =IF(C6="Stage 2",D6,"") | K6: Max Basic | L6: Max Stage 1 | M6: Max Stage 2 | O6: 4 | P6: Houndour | Q6: Basic | R6: 50 | S6: 1 | U6: =COUNTIF(Q3:Q39, "Stage 2") -> 5 | V6: =IF(Q6="Basic",R6,"") -> 50 | W6: =IF(Q6="Stage 1",R6,"") | X6: =IF(Q6="Stage 2",R6,"") | Y6: Max Basic | Z6: Max Stage 1 | AA6: Max Stage 2 | AC6: 4 | AD6: Buizel | AE6: Basic | AF6: 40 | AG6: 0 | AI6: =COUNTIF(AE3:AE39, "Stage 2") -> 5 | AJ6: =IF(AE6="Basic",AF6,"") -> 40 | AK6: =IF(AE6="Stage 1",AF6,"") | AL6: =IF(AE6="Stage 2",AF6,"") | AM6: Max Basic | AN6: Max Stage 1 | AO6: Max Stage 2 | AQ6: 4 | AR6: Heliolisk | AS6: Stage 1 | AT6: 70 | AU6: 1 | AW6: =COUNTIF(AS3:AS38, "Stage 2") -> 4 | AX6: =IF(AS6="Basic",AT6,"") | AY6: =IF(AS6="Stage 1",AT6,"") -> 70 | AZ6: =IF(AS6="Stage 2",AT6,"") | BA6: Max Basic | BB6: Max Stage 1 | BC6: Max Stage 2 | BE6: 4 | BF6: Sandaconda | BG6: Stage 1 | BH6: 80 | BI6: 2 | BK6: =COUNTIF(BG3:BG39, "Stage 2") -> 7 | BL6: =IF(BG6="Basic",BH6,"") | BM6: =IF(BG6="Stage 1",BH6,"") -> 80 | BN6: =IF(BG6="Stage 2",BH6,"") | BO6: Max Basic | BP6: Max Stage 1 | BQ6: Max Stage 2 | BS6: 4 | BT6: Inkay | BU6: Basic | BV6: 50 | BW6: 1 | BY6: =COUNTIF(BU3:BU39, "Stage 2") -> 6 | BZ6: =IF(BU6="Basic",BV6,"") -> 50 | CA6: =IF(BU6="Stage 1",BV6,"") | CB6: =IF(BU6="Stage 2",BV6,"") | CC6: Max Basic | CD6: Max Stage 1 | CE6: Max Stage 2 | CG6: 4 | CH6: Murkrow | CI6: Basic | CJ6: 50 | CK6: 1 | CM6: =COUNTIF(CI3:CI39, "Stage 2") -> 5 | CN6: =IF(CI6="Basic",CJ6,"") -> 50 | CO6: =IF(CI6="Stage 1",CJ6,"") | CP6: =IF(CI6="Stage 2",CJ6,"") | CQ6: Max Basic | CR6: Max Stage 1 | CS6: Max Stage 2
A7: 5 | B7: Wurmple | C7: Basic | D7: 40 | E7: 1 | G7: =SUM(G4:G6) -> 36 | H7: =IF(C7="Basic",D7,"") -> 40 | I7: =IF(C7="Stage 1",D7,"") | J7: =IF(C7="Stage 2",D7,"") | K7: =MAX(H$3:H$39) -> 70 | L7: =MAX(I$3:I$39) -> 100 | M7: =MAX(J$3:J$39) -> 100 | O7: 5 | P7: Houndoom | Q7: Stage 1 | R7: 70 | S7: 1 | U7: =SUM(U4:U6) -> 31 | V7: =IF(Q7="Basic",R7,"") | W7: =IF(Q7="Stage 1",R7,"") -> 70 | X7: =IF(Q7="Stage 2",R7,"") | Y7: =MAX(V$3:V$39) -> 100 | Z7: =MAX(W$3:W$39) -> 90 | AA7: =MAX(X$3:X$39) -> 120 | AC7: 5 | AD7: Floatzel | AE7: Stage 1 | AF7: 70 | AG7: 1 | AI7: =SUM(AI4:AI6) -> 33 | AJ7: =IF(AE7="Basic",AF7,"") | AK7: =IF(AE7="Stage 1",AF7,"") -> 70 | AL7: =IF(AE7="Stage 2",AF7,"") | AM7: =MAX(AJ$3:AJ$39) -> 80 | AN7: =MAX(AK$3:AK$39) -> 90 | AO7: =MAX(AL$3:AL$39) -> 110 | AQ7: 5 | AR7: Pincurchin | AS7: Basic | AT7: 70 | AU7: 2 | AW7: =SUM(AW4:AW6) -> 32 | AX7: =IF(AS7="Basic",AT7,"") -> 70 | AY7: =IF(AS7="Stage 1",AT7,"") | AZ7: =IF(AS7="Stage 2",AT7,"") | BA7: =MAX(AX$3:AX$39) -> 90 | BB7: =MAX(AY$3:AY$39) -> 90 | BC7: =MAX(AZ$3:AZ$39) -> 110 | BE7: 5 | BF7: Sandile | BG7: Basic | BH7: 50 | BI7: 1 | BK7: =SUM(BK4:BK6) -> 34 | BL7: =IF(BG7="Basic",BH7,"") -> 50 | BM7: =IF(BG7="Stage 1",BH7,"") | BN7: =IF(BG7="Stage 2",BH7,"") | BO7: =MAX(BL$3:BL$39) -> 70 | BP7: =MAX(BM$3:BM$39) -> 100 | BQ7: =MAX(BN$3:BN$39) -> 120 | BS7: 5 | BT7: Malamar | BU7: Stage 1 | BV7: 70 | BW7: 1 | BY7: =SUM(BY4:BY6) -> 33 | BZ7: =IF(BU7="Basic",BV7,"") | CA7: =IF(BU7="Stage 1",BV7,"") -> 70 | CB7: =IF(BU7="Stage 2",BV7,"") | CC7: =MAX(BZ$3:BZ$39) -> 80 | CD7: =MAX(CA$3:CA$39) -> 80 | CE7: =MAX(CB$3:CB$39) -> 120 | CG7: 5 | CH7: Honchkrow | CI7: Stage 1 | CJ7: 80 | CK7: 2 | CM7: =SUM(CM4:CM6) -> 32 | CN7: =IF(CI7="Basic",CJ7,"") | CO7: =IF(CI7="Stage 1",CJ7,"") -> 80 | CP7: =IF(CI7="Stage 2",CJ7,"") | CQ7: =MAX(CN$3:CN$39) -> 80 | CR7: =MAX(CO$3:CO$39) -> 90 | CS7: =MAX(CP$3:CP$39) -> 110
A8: 6 | B8: Silcoon | C8: Stage 1 | D8: 70 | E8: 2 | H8: =IF(C8="Basic",D8,"") | I8: =IF(C8="Stage 1",D8,"") -> 70 | J8: =IF(C8="Stage 2",D8,"") | K8: Min Basic | L8: Min Stage 1 | M8: Min Stage 2 | O8: 6 | P8: Delta Kingdra | Q8: Stage 2 | R8: 100 | S8: 2 | V8: =IF(Q8="Basic",R8,"") | W8: =IF(Q8="Stage 1",R8,"") | X8: =IF(Q8="Stage 2",R8,"") -> 100 | Y8: Min Basic | Z8: Min Stage 1 | AA8: Min Stage 2 | AC8: 6 | AD8: Bruxish | AE8: Basic | AF8: 60 | AG8: 1 | AJ8: =IF(AE8="Basic",AF8,"") -> 60 | AK8: =IF(AE8="Stage 1",AF8,"") | AL8: =IF(AE8="Stage 2",AF8,"") | AM8: Min Basic | AN8: Min Stage 1 | AO8: Min Stage 2 | AQ8: 6 | AR8: Shinx | AS8: Basic | AT8: 50 | AU8: 1 | AX8: =IF(AS8="Basic",AT8,"") -> 50 | AY8: =IF(AS8="Stage 1",AT8,"") | AZ8: =IF(AS8="Stage 2",AT8,"") | BA8: Min Basic | BB8: Min Stage 1 | BC8: Min Stage 2 | BE8: 6 | BF8: Krokorok | BG8: Stage 1 | BH8: 80 | BI8: 2 | BL8: =IF(BG8="Basic",BH8,"") | BM8: =IF(BG8="Stage 1",BH8,"") -> 80 | BN8: =IF(BG8="Stage 2",BH8,"") | BO8: Min Basic | BP8: Min Stage 1 | BQ8: Min Stage 2 | BS8: 6 | BT8: Duskull | BU8: Basic | BV8: 40 | BW8: 0 | BZ8: =IF(BU8="Basic",BV8,"") -> 40 | CA8: =IF(BU8="Stage 1",BV8,"") | CB8: =IF(BU8="Stage 2",BV8,"") | CC8: Min Basic | CD8: Min Stage 1 | CE8: Min Stage 2 | CG8: 6 | CH8: Skrelp | CI8: Basic | CJ8: 50 | CK8: 1 | CN8: =IF(CI8="Basic",CJ8,"") -> 50 | CO8: =IF(CI8="Stage 1",CJ8,"") | CP8: =IF(CI8="Stage 2",CJ8,"") | CQ8: Min Basic | CR8: Min Stage 1 | CS8: Min Stage 2
A9: 7 | B9: Beautifly | C9: Stage 2 | D9: 90 | E9: 0 | H9: =IF(C9="Basic",D9,"") | I9: =IF(C9="Stage 1",D9,"") | J9: =IF(C9="Stage 2",D9,"") -> 90 | K9: =MIN(H$3:H$39) -> 40 | L9: =MIN(I$3:I$39) -> 70 | M9: =MIN(J$3:J$39) -> 90 | O9: 7 | P9: Sizzlipede | Q9: Basic | R9: 40 | S9: 1 | V9: =IF(Q9="Basic",R9,"") -> 40 | W9: =IF(Q9="Stage 1",R9,"") | X9: =IF(Q9="Stage 2",R9,"") | Y9: =MIN(V$3:V$39) -> 30 | Z9: =MIN(W$3:W$39) -> 70 | AA9: =MIN(X$3:X$39) -> 100 | AC9: 7 | AD9: Tympole | AE9: Basic | AF9: 50 | AG9: 1 | AJ9: =IF(AE9="Basic",AF9,"") -> 50 | AK9: =IF(AE9="Stage 1",AF9,"") | AL9: =IF(AE9="Stage 2",AF9,"") | AM9: =MIN(AJ$3:AJ$39) -> 40 | AN9: =MIN(AK$3:AK$39) -> 60 | AO9: =MIN(AL$3:AL$39) -> 90 | AQ9: 7 | AR9: Luxio | AS9: Stage 1 | AT9: 70 | AU9: 1 | AX9: =IF(AS9="Basic",AT9,"") | AY9: =IF(AS9="Stage 1",AT9,"") -> 70 | AZ9: =IF(AS9="Stage 2",AT9,"") | BA9: =MIN(AX$3:AX$39) -> 30 | BB9: =MIN(AY$3:AY$39) -> 70 | BC9: =MIN(AZ$3:AZ$39) -> 100 | BE9: 7 | BF9: Krookodile | BG9: Stage 2 | BH9: 110 | BI9: 3 | BL9: =IF(BG9="Basic",BH9,"") | BM9: =IF(BG9="Stage 1",BH9,"") | BN9: =IF(BG9="Stage 2",BH9,"") -> 110 | BO9: =MIN(BL$3:BL$39) -> 30 | BP9: =MIN(BM$3:BM$39) -> 60 | BQ9: =MIN(BN$3:BN$39) -> 100 | BS9: 7 | BT9: Dusclobs | BU9: Stage 1 | BV9: 70 | BW9: 2 | BZ9: =IF(BU9="Basic",BV9,"") | CA9: =IF(BU9="Stage 1",BV9,"") -> 70 | CB9: =IF(BU9="Stage 2",BV9,"") | CC9: =MIN(BZ$3:BZ$39) -> 30 | CD9: =MIN(CA$3:CA$39) -> 70 | CE9: =MIN(CB$3:CB$39) -> 90 | CG9: 7 | CH9: Dragalge | CI9: Stage 1 | CJ9: 70 | CK9: 1 | CN9: =IF(CI9="Basic",CJ9,"") | CO9: =IF(CI9="Stage 1",CJ9,"") -> 70 | CP9: =IF(CI9="Stage 2",CJ9,"") | CQ9: =MIN(CN$3:CN$39) -> 30 | CR9: =MIN(CO$3:CO$39) -> 60 | CS9: =MIN(CP$3:CP$39) -> 90
A10: 8 | B10: Rowlet | C10: Basic | D10: 50 | E10: 0 | H10: =IF(C10="Basic",D10,"") -> 50 | I10: =IF(C10="Stage 1",D10,"") | J10: =IF(C10="Stage 2",D10,"") | K10: Max Retreat Basic | L10: Max Retreat Stage 1 | M10: Max Retreat Stage 2 | O10: 8 | P10: Centiskorch | Q10: Stage 1 | R10: 80 | S10: 2 | V10: =IF(Q10="Basic",R10,"") | W10: =IF(Q10="Stage 1",R10,"") -> 80 | X10: =IF(Q10="Stage 2",R10,"") | Y10: Max Retreat Basic | Z10: Max Retreat Stage 1 | AA10: Max Retreat Stage 2 | AC10: 8 | AD10: Palpitoad | AE10: Stage 1 | AF10: 80 | AG10: 2 | AJ10: =IF(AE10="Basic",AF10,"") | AK10: =IF(AE10="Stage 1",AF10,"") -> 80 | AL10: =IF(AE10="Stage 2",AF10,"") | AM10: Max Retreat Basic | AN10: Max Retreat Stage 1 | AO10: Max Retreat Stage 2 | AQ10: 8 | AR10: Luxray | AS10: Stage 2 | AT10: 100 | AU10: 1 | AX10: =IF(AS10="Basic",AT10,"") | AY10: =IF(AS10="Stage 1",AT10,"") | AZ10: =IF(AS10="Stage 2",AT10,"") -> 100 | BA10: Max Retreat Basic | BB10: Max Retreat Stage 1 | BC10: Max Retreat Stage 2 | BE10: 8 | BF10: Riolu | BG10: Basic | BH10: 50 | BI10: 1 | BL10: =IF(BG10="Basic",BH10,"") -> 50 | BM10: =IF(BG10="Stage 1",BH10,"") | BN10: =IF(BG10="Stage 2",BH10,"") | BO10: Max Retreat Basic | BP10: Max Retreat Stage 1 | BQ10: Max Retreat Stage 2 | BS10: 8 | BT10: Dusknoir | BU10: Stage 2 | BV10: 100 | BW10: 3 | BZ10: =IF(BU10="Basic",BV10,"") | CA10: =IF(BU10="Stage 1",BV10,"") | CB10: =IF(BU10="Stage 2",BV10,"") -> 100 | CC10: Max Retreat Basic | CD10: Max Retreat Stage 1 | CE10: Max Retreat Stage 2 | CG10: 8 | CH10: Cascoon | CI10: Stage 1 | CJ10: 70 | CK10: 1 | CN10: =IF(CI10="Basic",CJ10,"") | CO10: =IF(CI10="Stage 1",CJ10,"") -> 70 | CP10: =IF(CI10="Stage 2",CJ10,"") | CQ10: Max Retreat Basic | CR10: Max Retreat Stage 1 | CS10: Max Retreat Stage 2
A11: 9 | B11: Dartrix | C11: Stage 1 | D11: 70 | E11: 1 | H11: =IF(C11="Basic",D11,"") | I11: =IF(C11="Stage 1",D11,"") -> 70 | J11: =IF(C11="Stage 2",D11,"") | K11: =MAX(H41:H77) -> 2 | L11: =MAX(I41:I77) -> 4 | M11: =MAX(J41:J77) -> 2 | O11: 9 | P11: Darumaka | Q11: Basic | R11: 60 | S11: 2 | V11: =IF(Q11="Basic",R11,"") -> 60 | W11: =IF(Q11="Stage 1",R11,"") | X11: =IF(Q11="Stage 2",R11,"") | Y11: =MAX(V41:V77) -> 3 | Z11: =MAX(W41:W77) -> 3 | AA11: =MAX(X41:X77) -> 3 | AC11: 9 | AD11: Seismitoad | AE11: Stage 2 | AF11: 110 | AG11: 3 | AJ11: =IF(AE11="Basic",AF11,"") | AK11: =IF(AE11="Stage 1",AF11,"") | AL11: =IF(AE11="Stage 2",AF11,"") -> 110 | AM11: =MAX(AJ41:AJ77) -> 2 | AN11: =MAX(AK41:AK77) -> 3 | AO11: =MAX(AL41:AL77) -> 3 | AQ11: 9 | AR11: Emolga | AS11: Basic | AT11: 50 | AU11: 0 | AX11: =IF(AS11="Basic",AT11,"") -> 50 | AY11: =IF(AS11="Stage 1",AT11,"") | AZ11: =IF(AS11="Stage 2",AT11,"") | BA11: =MAX(AX41:AX77) -> 3 | BB11: =MAX(AY41:AY77) -> 3 | BC11: =MAX(AZ41:AZ77) -> 3 | BE11: 9 | BF11: Lucario | BG11: Stage 1 | BH11: 80 | BI11: 2 | BL11: =IF(BG11="Basic",BH11,"") | BM11: =IF(BG11="Stage 1",BH11,"") -> 80 | BN11: =IF(BG11="Stage 2",BH11,"") | BO11: =MAX(BL41:BL77) -> 2 | BP11: =MAX(BM41:BM77) -> 3 | BQ11: =MAX(BN41:BN77) -> 4 | BS11: 9 | BT11: Misdreavus | BU11: Basic | BV11: 50 | BW11: 1 | BZ11: =IF(BU11="Basic",BV11,"") -> 50 | CA11: =IF(BU11="Stage 1",BV11,"") | CB11: =IF(BU11="Stage 2",BV11,"") | CC11: =MAX(BZ41:BZ77) -> 2 | CD11: =MAX(CA41:CA77) -> 2 | CE11: =MAX(CB41:CB77) -> 3 | CG11: 9 | CH11: Dustox | CI11: Stage 2 | CJ11: 90 | CK11: 0 | CN11: =IF(CI11="Basic",CJ11,"") | CO11: =IF(CI11="Stage 1",CJ11,"") | CP11: =IF(CI11="Stage 2",CJ11,"") -> 90 | CQ11: =MAX(CN41:CN77) -> 2 | CR11: =MAX(CO41:CO77) -> 3 | CS11: =MAX(CP41:CP77) -> 3
A12: 10 | B12: Decidueye | C12: Stage 2 | D12: 90 | E12: 1 | H12: =IF(C12="Basic",D12,"") | I12: =IF(C12="Stage 1",D12,"") | J12: =IF(C12="Stage 2",D12,"") -> 90 | K12: Min Retreat Basic | L12: Min Retreat Stage 1 | M12: Min Retreat Stage 2 | O12: 10 | P12: Darmanitan | Q12: Stage 1 | R12: 90 | S12: 2 | V12: =IF(Q12="Basic",R12,"") | W12: =IF(Q12="Stage 1",R12,"") -> 90 | X12: =IF(Q12="Stage 2",R12,"") | Y12: Min Retreat Basic | Z12: Min Retreat Stage 1 | AA12: Min Retreat Stage 2 | AC12: 10 | AD12: Seel | AE12: Basic | AF12: 60 | AG12: 1 | AJ12: =IF(AE12="Basic",AF12,"") -> 60 | AK12: =IF(AE12="Stage 1",AF12,"") | AL12: =IF(AE12="Stage 2",AF12,"") | AM12: Min Retreat Basic | AN12: Min Retreat Stage 1 | AO12: Min Retreat Stage 2 | AQ12: 10 | AR12: Pichu | AS12: Basic | AT12: 30 | AU12: 0 | AX12: =IF(AS12="Basic",AT12,"") -> 30 | AY12: =IF(AS12="Stage 1",AT12,"") | AZ12: =IF(AS12="Stage 2",AT12,"") | BA12: Min Retreat Basic | BB12: Min Retreat Stage 1 | BC12: Min Retreat Stage 2 | BE12: 10 | BF12: Tyrogue | BG12: Basic | BH12: 30 | BI12: 0 | BL12: =IF(BG12="Basic",BH12,"") -> 30 | BM12: =IF(BG12="Stage 1",BH12,"") | BN12: =IF(BG12="Stage 2",BH12,"") | BO12: Min Retreat Basic | BP12: Min Retreat Stage 1 | BQ12: Min Retreat Stage 2 | BS12: 10 | BT12: Mismagius | BU12: Stage 1 | BV12: 70 | BW12: 1 | BZ12: =IF(BU12="Basic",BV12,"") | CA12: =IF(BU12="Stage 1",BV12,"") -> 70 | CB12: =IF(BU12="Stage 2",BV12,"") | CC12: Min Retreat Basic | CD12: Min Retreat Stage 1 | CE12: Min Retreat Stage 2 | CG12: 10 | CH12: Skorupi | CI12: Basic | CJ12: 60 | CK12: 2 | CN12: =IF(CI12="Basic",CJ12,"") -> 60 | CO12: =IF(CI12="Stage 1",CJ12,"") | CP12: =IF(CI12="Stage 2",CJ12,"") | CQ12: Min Retreat Basic | CR12: Min Retreat Stage 1 | CS12: Min Retreat Stage 2
A13: 11 | B13: Shellmet | C13: Basic | D13: 60 | E13: 2 | H13: =IF(C13="Basic",D13,"") -> 60 | I13: =IF(C13="Stage 1",D13,"") | J13: =IF(C13="Stage 2",D13,"") | K13: =MIN(H41:H77) -> 0 | L13: =MIN(I41:I77) -> 0 | M13: =MIN(J41:J77) -> 0 | O13: 11 | P13: Littleo | Q13: Basic | R13: 50 | S13: 1 | V13: =IF(Q13="Basic",R13,"") -> 50 | W13: =IF(Q13="Stage 1",R13,"") | X13: =IF(Q13="Stage 2",R13,"") | Y13: =MIN(V41:V77) -> 0 | Z13: =MIN(W41:W77) -> 1 | AA13: =MIN(X41:X77) -> 2 | AC13: 11 | AD13: Dewgong | AE13: Stage 1 | AF13: 80 | AG13: 2 | AJ13: =IF(AE13="Basic",AF13,"") | AK13: =IF(AE13="Stage 1",AF13,"") -> 80 | AL13: =IF(AE13="Stage 2",AF13,"") | AM13: =MIN(AJ41:AJ77) -> 0 | AN13: =MIN(AK41:AK77) -> 1 | AO13: =MIN(AL41:AL77) -> 1 | AQ13: 11 | AR13: Pikachu | AS13: Basic | AT13: 50 | AU13: 1 | AX13: =IF(AS13="Basic",AT13,"") -> 50 | AY13: =IF(AS13="Stage 1",AT13,"") | AZ13: =IF(AS13="Stage 2",AT13,"") | BA13: =MIN(AX41:AX77) -> 0 | BB13: =MIN(AY41:AY77) -> 1 | BC13: =MIN(AZ41:AZ77) -> 1 | BE13: 11 | BF13: Hitmonchan | BG13: Basic | BH13: 70 | BI13: 2 | BL13: =IF(BG13="Basic",BH13,"") -> 70 | BM13: =IF(BG13="Stage 1",BH13,"") | BN13: =IF(BG13="Stage 2",BH13,"") | BO13: =MIN(BL41:BL77) -> 0 | BP13: =MIN(BM41:BM77) -> 1 | BQ13: =MIN(BN41:BN77) -> 1 | BS13: 11 | BT13: Spiritomb | BU13: Basic | BV13: 50 | BW13: 2 | BZ13: =IF(BU13="Basic",BV13,"") -> 50 | CA13: =IF(BU13="Stage 1",BV13,"") | CB13: =IF(BU13="Stage 2",BV13,"") | CC13: =MIN(BZ41:BZ77) -> 0 | CD13: =MIN(CA41:CA77) -> 0 | CE13: =MIN(CB41:CB77) -> 1 | CG13: 11 | CH13: Drapion | CI13: Stage 1 | CJ13: 80 | CK13: 3 | CN13: =IF(CI13="Basic",CJ13,"") | CO13: =IF(CI13="Stage 1",CJ13,"") -> 80 | CP13: =IF(CI13="Stage 2",CJ13,"") | CQ13: =MIN(CN41:CN77) -> 0 | CR13: =MIN(CO41:CO77) -> 0 | CS13: =MIN(CP41:CP77) -> 0
A14: 12 | B14: Accelgor | C14: Stage 1 | D14: 80 | E14: 0 | H14: =IF(C14="Basic",D14,"") | I14: =IF(C14="Stage 1",D14,"") -> 80 | J14: =IF(C14="Stage 2",D14,"") | O14: 12 | P14: Pyroar | Q14: Stage 1 | R14: 70 | S14: 2 | V14: =IF(Q14="Basic",R14,"") | W14: =IF(Q14="Stage 1",R14,"") -> 70 | X14: =IF(Q14="Stage 2",R14,"") | AC14: 12 | AD14: Wigull | AE14: Basic | AF14: 50 | AG14: 1 | AJ14: =IF(AE14="Basic",AF14,"") -> 50 | AK14: =IF(AE14="Stage 1",AF14,"") | AL14: =IF(AE14="Stage 2",AF14,"") | AQ14: 12 | AR14: Raichu | AS14: Stage 1 | AT14: 70 | AU14: 2 | AX14: =IF(AS14="Basic",AT14,"") | AY14: =IF(AS14="Stage 1",AT14,"") -> 70 | AZ14: =IF(AS14="Stage 2",AT14,"") | BE14: 12 | BF14: Hitmonlee | BG14: Basic | BH14: 70 | BI14: 1 | BL14: =IF(BG14="Basic",BH14,"") -> 70 | BM14: =IF(BG14="Stage 1",BH14,"") | BN14: =IF(BG14="Stage 2",BH14,"") | BS14: 12 | BT14: Espeon | BU14: Stage 1 | BV14: 80 | BW14: 1 | BZ14: =IF(BU14="Basic",BV14,"") | CA14: =IF(BU14="Stage 1",BV14,"") -> 80 | CB14: =IF(BU14="Stage 2",BV14,"") | CG14: 12 | CH14: Zubat | CI14: Basic | CJ14: 40 | CK14: 0 | CN14: =IF(CI14="Basic",CJ14,"") -> 40 | CO14: =IF(CI14="Stage 1",CJ14,"") | CP14: =IF(CI14="Stage 2",CJ14,"")
A15: 13 | B15: Volbeat | C15: Basic | D15: 60 | E15: 1 | H15: =IF(C15="Basic",D15,"") -> 60 | I15: =IF(C15="Stage 1",D15,"") | J15: =IF(C15="Stage 2",D15,"") | O15: 13 | P15: Numel | Q15: Basic | R15: 50 | S15: 1 | V15: =IF(Q15="Basic",R15,"") -> 50 | W15: =IF(Q15="Stage 1",R15,"") | X15: =IF(Q15="Stage 2",R15,"") | AC15: 13 | AD15: Pelipper | AE15: Stage 1 | AF15: 80 | AG15: 2 | AJ15: =IF(AE15="Basic",AF15,"") | AK15: =IF(AE15="Stage 1",AF15,"") -> 80 | AL15: =IF(AE15="Stage 2",AF15,"") | AQ15: 13 | AR15: Magnemite | AS15: Basic | AT15: 40 | AU15: 1 | AX15: =IF(AS15="Basic",AT15,"") -> 40 | AY15: =IF(AS15="Stage 1",AT15,"") | AZ15: =IF(AS15="Stage 2",AT15,"") | BE15: 13 | BF15: Hitmontop | BG15: Basic | BH15: 70 | BI15: 1 | BL15: =IF(BG15="Basic",BH15,"") -> 70 | BM15: =IF(BG15="Stage 1",BH15,"") | BN15: =IF(BG15="Stage 2",BH15,"") | BS15: 13 | BT15: Abra | BU15: Basic | BV15: 40 | BW15: 1 | BZ15: =IF(BU15="Basic",BV15,"") -> 40 | CA15: =IF(BU15="Stage 1",BV15,"") | CB15: =IF(BU15="Stage 2",BV15,"") | CG15: 13 | CH15: Golbat | CI15: Stage 1 | CJ15: 60 | CK15: 0 | CN15: =IF(CI15="Basic",CJ15,"") | CO15: =IF(CI15="Stage 1",CJ15,"") -> 60 | CP15: =IF(CI15="Stage 2",CJ15,"")
A16: 14 | B16: Illumise | C16: Basic | D16: 60 | E16: 1 | H16: =IF(C16="Basic",D16,"") -> 60 | I16: =IF(C16="Stage 1",D16,"") | J16: =IF(C16="Stage 2",D16,"") | O16: 14 | P16: Camerupt | Q16: Stage 1 | R16: 80 | S16: 2 | V16: =IF(Q16="Basic",R16,"") | W16: =IF(Q16="Stage 1",R16,"") -> 80 | X16: =IF(Q16="Stage 2",R16,"") | AC16: 14 | AD16: Clauncher | AE16: Basic | AF16: 50 | AG16: 1 | AJ16: =IF(AE16="Basic",AF16,"") -> 50 | AK16: =IF(AE16="Stage 1",AF16,"") | AL16: =IF(AE16="Stage 2",AF16,"") | AQ16: 14 | AR16: Magneton | AS16: Stage 1 | AT16: 70 | AU16: 1 | AX16: =IF(AS16="Basic",AT16,"") | AY16: =IF(AS16="Stage 1",AT16,"") -> 70 | AZ16: =IF(AS16="Stage 2",AT16,"") | BE16: 14 | BF16: Trapinch | BG16: Basic | BH16: 50 | BI16: 1 | BL16: =IF(BG16="Basic",BH16,"") -> 50 | BM16: =IF(BG16="Stage 1",BH16,"") | BN16: =IF(BG16="Stage 2",BH16,"") | BS16: 14 | BT16: Kadabra | BU16: Stage 1 | BV16: 70 | BW16: 2 | BZ16: =IF(BU16="Basic",BV16,"") | CA16: =IF(BU16="Stage 1",BV16,"") -> 70 | CB16: =IF(BU16="Stage 2",BV16,"") | CG16: 14 | CH16: Crobat | CI16: Stage 2 | CJ16: 90 | CK16: 0 | CN16: =IF(CI16="Basic",CJ16,"") | CO16: =IF(CI16="Stage 1",CJ16,"") | CP16: =IF(CI16="Stage 2",CJ16,"") -> 90
A17: 15 | B17: Karrablast | C17: Basic | D17: 50 | E17: 1 | H17: =IF(C17="Basic",D17,"") -> 50 | I17: =IF(C17="Stage 1",D17,"") | J17: =IF(C17="Stage 2",D17,"") | O17: 15 | P17: Flareon | Q17: Stage 1 | R17: 70 | S17: 1 | V17: =IF(Q17="Basic",R17,"") | W17: =IF(Q17="Stage 1",R17,"") -> 70 | X17: =IF(Q17="Stage 2",R17,"") | AC17: 15 | AD17: Clawitzer | AE17: Stage 1 | AF17: 80 | AG17: 2 | AJ17: =IF(AE17="Basic",AF17,"") | AK17: =IF(AE17="Stage 1",AF17,"") -> 80 | AL17: =IF(AE17="Stage 2",AF17,"") | AQ17: 15 | AR17: Magnezone | AS17: Stage 2 | AT17: 110 | AU17: 2 | AX17: =IF(AS17="Basic",AT17,"") | AY17: =IF(AS17="Stage 1",AT17,"") | AZ17: =IF(AS17="Stage 2",AT17,"") -> 110 | BE17: 15 | BF17: Vibrava | BG17: Stage 1 | BH17: 70 | BI17: 1 | BL17: =IF(BG17="Basic",BH17,"") | BM17: =IF(BG17="Stage 1",BH17,"") -> 70 | BN17: =IF(BG17="Stage 2",BH17,"") | BS17: 15 | BT17: Alakazam | BU17: Stage 2 | BV17: 90 | BW17: 2 | BZ17: =IF(BU17="Basic",BV17,"") | CA17: =IF(BU17="Stage 1",BV17,"") | CB17: =IF(BU17="Stage 2",BV17,"") -> 90 | CG17: 15 | CH17: Croagunk | CI17: Basic | CJ17: 30 | CK17: 0 | CN17: =IF(CI17="Basic",CJ17,"") -> 30 | CO17: =IF(CI17="Stage 1",CJ17,"") | CP17: =IF(CI17="Stage 2",CJ17,"")
A18: 16 | B18: Escavalier | C18: Stage 1 | D18: 80 | E18: 2 | H18: =IF(C18="Basic",D18,"") | I18: =IF(C18="Stage 1",D18,"") -> 80 | J18: =IF(C18="Stage 2",D18,"") | O18: 16 | P18: Turtonator | Q18: Basic | R18: 80 | S18: 3 | V18: =IF(Q18="Basic",R18,"") -> 80 | W18: =IF(Q18="Stage 1",R18,"") | X18: =IF(Q18="Stage 2",R18,"") | AC18: 16 | AD18: Horsea | AE18: Basic | AF18: 40 | AG18: 1 | AJ18: =IF(AE18="Basic",AF18,"") -> 40 | AK18: =IF(AE18="Stage 1",AF18,"") | AL18: =IF(AE18="Stage 2",AF18,"") | AQ18: 16 | AR18: Toxel | AS18: Basic | AT18: 40 | AU18: 1 | AX18: =IF(AS18="Basic",AT18,"") -> 40 | AY18: =IF(AS18="Stage 1",AT18,"") | AZ18: =IF(AS18="Stage 2",AT18,"") | BE18: 16 | BF18: Flygon | BG18: Stage 2 | BH18: 100 | BI18: 1 | BL18: =IF(BG18="Basic",BH18,"") | BM18: =IF(BG18="Stage 1",BH18,"") | BN18: =IF(BG18="Stage 2",BH18,"") -> 100 | BS18: 16 | BT18: Mewtwo | BU18: Basic | BV18: 70 | BW18: 2 | BZ18: =IF(BU18="Basic",BV18,"") -> 70 | CA18: =IF(BU18="Stage 1",BV18,"") | CB18: =IF(BU18="Stage 2",BV18,"") | CG18: 16 | CH18: Toxicroak | CI18: Stage 1 | CJ18: 70 | CK18: 1 | CN18: =IF(CI18="Basic",CJ18,"") | CO18: =IF(CI18="Stage 1",CJ18,"") -> 70 | CP18: =IF(CI18="Stage 2",CJ18,"")
A19: 17 | B19: Applin | C19: Basic | D19: 50 | E19: 1 | H19: =IF(C19="Basic",D19,"") -> 50 | I19: =IF(C19="Stage 1",D19,"") | J19: =IF(C19="Stage 2",D19,"") | O19: 17 | P19: Entei | Q19: Basic | R19: 100 | S19: 2 | V19: =IF(Q19="Basic",R19,"") -> 100 | W19: =IF(Q19="Stage 1",R19,"") | X19: =IF(Q19="Stage 2",R19,"") | AC19: 17 | AD19: Seadra | AE19: Stage 1 | AF19: 70 | AG19: 1 | AJ19: =IF(AE19="Basic",AF19,"") | AK19: =IF(AE19="Stage 1",AF19,"") -> 70 | AL19: =IF(AE19="Stage 2",AF19,"") | AQ19: 17 | AR19: Toxtricity | AS19: Stage 1 | AT19: 70 | AU19: 1 | AX19: =IF(AS19="Basic",AT19,"") | AY19: =IF(AS19="Stage 1",AT19,"") -> 70 | AZ19: =IF(AS19="Stage 2",AT19,"") | BE19: 17 | BF19: Hawlucha | BG19: Basic | BH19: 60 | BI19: 1 | BL19: =IF(BG19="Basic",BH19,"") -> 60 | BM19: =IF(BG19="Stage 1",BH19,"") | BN19: =IF(BG19="Stage 2",BH19,"") | BS19: 17 | BT19: Mimiky | BU19: Basic | BV19: 50 | BW19: 1 | BZ19: =IF(BU19="Basic",BV19,"") -> 50 | CA19: =IF(BU19="Stage 1",BV19,"") | CB19: =IF(BU19="Stage 2",BV19,"") | CG19: 17 | CH19: Umbreon | CI19: Stage 1 | CJ19: 80 | CK19: 1 | CN19: =IF(CI19="Basic",CJ19,"") | CO19: =IF(CI19="Stage 1",CJ19,"") -> 80 | CP19: =IF(CI19="Stage 2",CJ19,"")
A20: 18 | B20: Flapple | C20: Stage 1 | D20: 70 | E20: 1 | H20: =IF(C20="Basic",D20,"") | I20: =IF(C20="Stage 1",D20,"") -> 70 | J20: =IF(C20="Stage 2",D20,"") | O20: 18 | P20: Fuecoco | Q20: Basic | R20: 60 | S20: 1 | V20: =IF(Q20="Basic",R20,"") -> 60 | W20: =IF(Q20="Stage 1",R20,"") | X20: =IF(Q20="Stage 2",R20,"") | AC20: 18 | AD20: Kingdra | AE20: Stage 2 | AF20: 100 | AG20: 1 | AJ20: =IF(AE20="Basic",AF20,"") | AK20: =IF(AE20="Stage 1",AF20,"") | AL20: =IF(AE20="Stage 2",AF20,"") -> 100 | AQ20: 18 | AR20: Elekid | AS20: Basic | AT20: 30 | AU20: 0 | AX20: =IF(AS20="Basic",AT20,"") -> 30 | AY20: =IF(AS20="Stage 1",AT20,"") | AZ20: =IF(AS20="Stage 2",AT20,"") | BE20: 18 | BF20: Larvitar | BG20: Basic | BH20: 50 | BI20: 1 | BL20: =IF(BG20="Basic",BH20,"") -> 50 | BM20: =IF(BG20="Stage 1",BH20,"") | BN20: =IF(BG20="Stage 2",BH20,"") | BS20: 18 | BT20: Mew | BU20: Basic | BV20: 50 | BW20: 1 | BZ20: =IF(BU20="Basic",BV20,"") -> 50 | CA20: =IF(BU20="Stage 1",BV20,"") | CB20: =IF(BU20="Stage 2",BV20,"") | CG20: 18 | CH20: Wooper | CI20: Basic | CJ20: 60 | CK20: 2 | CN20: =IF(CI20="Basic",CJ20,"") -> 60 | CO20: =IF(CI20="Stage 1",CJ20,"") | CP20: =IF(CI20="Stage 2",CJ20,"")
A21: 19 | B21: Appletune | C21: Stage 1 | D21: 80 | E21: 2 | H21: =IF(C21="Basic",D21,"") | I21: =IF(C21="Stage 1",D21,"") -> 80 | J21: =IF(C21="Stage 2",D21,"") | O21: 19 | P21: Crocalor | Q21: Stage 1 | R21: 80 | S21: 2 | V21: =IF(Q21="Basic",R21,"") | W21: =IF(Q21="Stage 1",R21,"") -> 80 | X21: =IF(Q21="Stage 2",R21,"") | AC21: 19 | AD21: Basculin | AE21: Basic | AF21: 50 | AG21: 1 | AJ21: =IF(AE21="Basic",AF21,"") -> 50 | AK21: =IF(AE21="Stage 1",AF21,"") | AL21: =IF(AE21="Stage 2",AF21,"") | AQ21: 19 | AR21: Electabuzz | AS21: Basic | AT21: 60 | AU21: 2 | AX21: =IF(AS21="Basic",AT21,"") -> 60 | AY21: =IF(AS21="Stage 1",AT21,"") | AZ21: =IF(AS21="Stage 2",AT21,"") | BE21: 19 | BF21: Pupitar | BG21: Stage 1 | BH21: 70 | BI21: 2 | BL21: =IF(BG21="Basic",BH21,"") | BM21: =IF(BG21="Stage 1",BH21,"") -> 70 | BN21: =IF(BG21="Stage 2",BH21,"") | BS21: 19 | BT21: Carbink | BU21: Basic | BV21: 60 | BW21: 1 | BZ21: =IF(BU21="Basic",BV21,"") -> 60 | CA21: =IF(BU21="Stage 1",BV21,"") | CB21: =IF(BU21="Stage 2",BV21,"") | CG21: 19 | CH21: Clodsire | CI21: Stage 1 | CJ21: 90 | CK21: 3 | CN21: =IF(CI21="Basic",CJ21,"") | CO21: =IF(CI21="Stage 1",CJ21,"") -> 90 | CP21: =IF(CI21="Stage 2",CJ21,"")
A22: 20 | B22: Shroomish | C22: Basic | D22: 40 | E22: 1 | H22: =IF(C22="Basic",D22,"") -> 40 | I22: =IF(C22="Stage 1",D22,"") | J22: =IF(C22="Stage 2",D22,"") | O22: 20 | P22: Skeledirge | Q22: Stage 2 | R22: 110 | S22: 3 | V22: =IF(Q22="Basic",R22,"") | W22: =IF(Q22="Stage 1",R22,"") | X22: =IF(Q22="Stage 2",R22,"") -> 110 | AC22: 20 | AD22: Basculigeon | AE22: Stage 1 | AF22: 70 | AG22: 2 | AJ22: =IF(AE22="Basic",AF22,"") | AK22: =IF(AE22="Stage 1",AF22,"") -> 70 | AL22: =IF(AE22="Stage 2",AF22,"") | AQ22: 20 | AR22: Electivire | AS22: Stage 1 | AT22: 90 | AU22: 3 | AX22: =IF(AS22="Basic",AT22,"") | AY22: =IF(AS22="Stage 1",AT22,"") -> 90 | AZ22: =IF(AS22="Stage 2",AT22,"") | BE22: 20 | BF22: Tyranitar | BG22: Stage 2 | BH22: 120 | BI22: 4 | BL22: =IF(BG22="Basic",BH22,"") | BM22: =IF(BG22="Stage 1",BH22,"") | BN22: =IF(BG22="Stage 2",BH22,"") -> 120 | BS22: 20 | BT22: Beldum | BU22: Basic | BV22: 50 | BW22: 1 | BZ22: =IF(BU22="Basic",BV22,"") -> 50 | CA22: =IF(BU22="Stage 1",BV22,"") | CB22: =IF(BU22="Stage 2",BV22,"") | CG22: 20 | CH22: Impidimp | CI22: Basic | CJ22: 40 | CK22: 1 | CN22: =IF(CI22="Basic",CJ22,"") -> 40 | CO22: =IF(CI22="Stage 1",CJ22,"") | CP22: =IF(CI22="Stage 2",CJ22,"")
A23: 21 | B23: Breloom | C23: Stage 1 | D23: 70 | E23: 1 | H23: =IF(C23="Basic",D23,"") | I23: =IF(C23="Stage 1",D23,"") -> 70 | J23: =IF(C23="Stage 2",D23,"") | O23: 21 | P23: Bagon | Q23: Basic | R23: 50 | S23: 1 | V23: =IF(Q23="Basic",R23,"") -> 50 | W23: =IF(Q23="Stage 1",R23,"") | X23: =IF(Q23="Stage 2",R23,"") | AC23: 21 | AD23: Dewpider | AE23: Basic | AF23: 50 | AG23: 1 | AJ23: =IF(AE23="Basic",AF23,"") -> 50 | AK23: =IF(AE23="Stage 1",AF23,"") | AL23: =IF(AE23="Stage 2",AF23,"") | AQ23: 21 | AR23: Electrike | AS23: Basic | AT23: 50 | AU23: 1 | AX23: =IF(AS23="Basic",AT23,"") -> 50 | AY23: =IF(AS23="Stage 1",AT23,"") | AZ23: =IF(AS23="Stage 2",AT23,"") | BE23: 21 | BF23: Cufant | BG23: Basic | BH23: 60 | BI23: 2 | BL23: =IF(BG23="Basic",BH23,"") -> 60 | BM23: =IF(BG23="Stage 1",BH23,"") | BN23: =IF(BG23="Stage 2",BH23,"") | BS23: 21 | BT23: Metang | BU23: Stage 1 | BV23: 80 | BW23: 2 | BZ23: =IF(BU23="Basic",BV23,"") | CA23: =IF(BU23="Stage 1",BV23,"") -> 80 | CB23: =IF(BU23="Stage 2",BV23,"") | CG23: 21 | CH23: Morgrem | CI23: Stage 1 | CJ23: 80 | CK23: 2 | CN23: =IF(CI23="Basic",CJ23,"") | CO23: =IF(CI23="Stage 1",CJ23,"") -> 80 | CP23: =IF(CI23="Stage 2",CJ23,"")
A24: 22 | B24: Yanma | C24: Basic | D24: 50 | E24: 1 | H24: =IF(C24="Basic",D24,"") -> 50 | I24: =IF(C24="Stage 1",D24,"") | J24: =IF(C24="Stage 2",D24,"") | O24: 22 | P24: Shelgon | Q24: Stage 1 | R24: 80 | S24: 2 | V24: =IF(Q24="Basic",R24,"") | W24: =IF(Q24="Stage 1",R24,"") -> 80 | X24: =IF(Q24="Stage 2",R24,"") | AC24: 22 | AD24: Araquanid | AE24: Stage 1 | AF24: 70 | AG24: 1 | AJ24: =IF(AE24="Basic",AF24,"") | AK24: =IF(AE24="Stage 1",AF24,"") -> 70 | AL24: =IF(AE24="Stage 2",AF24,"") | AQ24: 22 | AR24: Manectric | AS24: Stage 1 | AT24: 70 | AU24: 1 | AX24: =IF(AS24="Basic",AT24,"") | AY24: =IF(AS24="Stage 1",AT24,"") -> 70 | AZ24: =IF(AS24="Stage 2",AT24,"") | BE24: 22 | BF24: Copperajah | BG24: Stage 1 | BH24: 100 | BI24: 3 | BL24: =IF(BG24="Basic",BH24,"") | BM24: =IF(BG24="Stage 1",BH24,"") -> 100 | BN24: =IF(BG24="Stage 2",BH24,"") | BS24: 22 | BT24: Metagross | BU24: Stage 2 | BV24: 120 | BW24: 3 | BZ24: =IF(BU24="Basic",BV24,"") | CA24: =IF(BU24="Stage 1",BV24,"") | CB24: =IF(BU24="Stage 2",BV24,"") -> 120 | CG24: 22 | CH24: Grimmsnarl | CI24: Stage 2 | CJ24: 110 | CK24: 3 | CN24: =IF(CI24="Basic",CJ24,"") | CO24: =IF(CI24="Stage 1",CJ24,"") | CP24: =IF(CI24="Stage 2",CJ24,"") -> 110
A25: 23 | B25: Yanmega | C25: Stage 1 | D25: 70 | E25: 1 | H25: =IF(C25="Basic",D25,"") | I25: =IF(C25="Stage 1",D25,"") -> 70 | J25: =IF(C25="Stage 2",D25,"") | O25: 23 | P25: Salamence | Q25: Stage 2 | R25: 110 | S25: 3 | V25: =IF(Q25="Basic",R25,"") | W25: =IF(Q25="Stage 1",R25,"") | X25: =IF(Q25="Stage 2",R25,"") -> 110 | AC25: 23 | AD25: Chewtle | AE25: Basic | AF25: 60 | AG25: 2 | AJ25: =IF(AE25="Basic",AF25,"") -> 60 | AK25: =IF(AE25="Stage 1",AF25,"") | AL25: =IF(AE25="Stage 2",AF25,"") | AQ25: 23 | AR25: Jolteon | AS25: =$AS$26 -> Basic | AT25: 70 | AU25: 1 | AX25: =IF(AS25="Basic",AT25,"") -> 70 | AY25: =IF(AS25="Stage 1",AT25,"") | AZ25: =IF(AS25="Stage 2",AT25,"") | BE25: 23 | BF25: Scizor | BG25: Stage 1 | BH25: 80 | BI25: 2 | BL25: =IF(BG25="Basic",BH25,"") | BM25: =IF(BG25="Stage 1",BH25,"") -> 80 | BN25: =IF(BG25="Stage 2",BH25,"") | BS25: 23 | BT25: Munna | BU25: Basic | BV25: 60 | BW25: 2 | BZ25: =IF(BU25="Basic",BV25,"") -> 60 | CA25: =IF(BU25="Stage 1",BV25,"") | CB25: =IF(BU25="Stage 2",BV25,"") | CG25: 23 | CH25: Pawniard | CI25: Basic | CJ25: 50 | CK25: 1 | CN25: =IF(CI25="Basic",CJ25,"") -> 50 | CO25: =IF(CI25="Stage 1",CJ25,"") | CP25: =IF(CI25="Stage 2",CJ25,"")
A26: 24 | B26: Bounsweet | C26: Basic | D26: 50 | E26: 1 | H26: =IF(C26="Basic",D26,"") -> 50 | I26: =IF(C26="Stage 1",D26,"") | J26: =IF(C26="Stage 2",D26,"") | O26: 24 | P26: Druddigon | Q26: Basic | R26: 80 | S26: 2 | V26: =IF(Q26="Basic",R26,"") -> 80 | W26: =IF(Q26="Stage 1",R26,"") | X26: =IF(Q26="Stage 2",R26,"") | AC26: 24 | AD26: Drednaw | AE26: Stage 1 | AF26: 90 | AG26: 3 | AJ26: =IF(AE26="Basic",AF26,"") | AK26: =IF(AE26="Stage 1",AF26,"") -> 90 | AL26: =IF(AE26="Stage 2",AF26,"") | AQ26: 24 | AR26: Grubbin | AS26: Basic | AT26: 50 | AU26: 1 | AX26: =IF(AS26="Basic",AT26,"") -> 50 | AY26: =IF(AS26="Stage 1",AT26,"") | AZ26: =IF(AS26="Stage 2",AT26,"") | BE26: 24 | BF26: Kabuto | BG26: Stage 1 | BH26: 60 | BI26: 1 | BL26: =IF(BG26="Basic",BH26,"") | BM26: =IF(BG26="Stage 1",BH26,"") -> 60 | BN26: =IF(BG26="Stage 2",BH26,"") | BS26: 24 | BT26: Musharna | BU26: Stage 1 | BV26: 80 | BW26: 2 | BZ26: =IF(BU26="Basic",BV26,"") | CA26: =IF(BU26="Stage 1",BV26,"") -> 80 | CB26: =IF(BU26="Stage 2",BV26,"") | CG26: 24 | CH26: Bisharp | CI26: Stage 1 | CJ26: 80 | CK26: 2 | CN26: =IF(CI26="Basic",CJ26,"") | CO26: =IF(CI26="Stage 1",CJ26,"") -> 80 | CP26: =IF(CI26="Stage 2",CJ26,"")
A27: 25 | B27: Steenee | C27: Stage 1 | D27: 70 | E27: 1 | H27: =IF(C27="Basic",D27,"") | I27: =IF(C27="Stage 1",D27,"") -> 70 | J27: =IF(C27="Stage 2",D27,"") | O27: 25 | P27: Magby | Q27: Basic | R27: 30 | S27: 0 | V27: =IF(Q27="Basic",R27,"") -> 30 | W27: =IF(Q27="Stage 1",R27,"") | X27: =IF(Q27="Stage 2",R27,"") | AC27: 25 | AD27: Glaceon | AE27: Stage 1 | AF27: 80 | AG27: 1 | AJ27: =IF(AE27="Basic",AF27,"") | AK27: =IF(AE27="Stage 1",AF27,"") -> 80 | AL27: =IF(AE27="Stage 2",AF27,"") | AQ27: 25 | AR27: Charjabug | AS27: Stage 1 | AT27: 70 | AU27: 1 | AX27: =IF(AS27="Basic",AT27,"") | AY27: =IF(AS27="Stage 1",AT27,"") -> 70 | AZ27: =IF(AS27="Stage 2",AT27,"") | BE27: 25 | BF27: Kabutops | BG27: Stage 2 | BH27: 100 | BI27: 1 | BL27: =IF(BG27="Basic",BH27,"") | BM27: =IF(BG27="Stage 1",BH27,"") | BN27: =IF(BG27="Stage 2",BH27,"") -> 100 | BS27: 25 | BT27: Blipbug | BU27: Basic | BV27: 50 | BW27: 1 | BZ27: =IF(BU27="Basic",BV27,"") -> 50 | CA27: =IF(BU27="Stage 1",BV27,"") | CB27: =IF(BU27="Stage 2",BV27,"") | CG27: 25 | CH27: Sneasel | CI27: Basic | CJ27: 50 | CK27: 1 | CN27: =IF(CI27="Basic",CJ27,"") -> 50 | CO27: =IF(CI27="Stage 1",CJ27,"") | CP27: =IF(CI27="Stage 2",CJ27,"")
A28: 26 | B28: Tsareena | C28: Stage 2 | D28: 100 | E28: 1 | H28: =IF(C28="Basic",D28,"") | I28: =IF(C28="Stage 1",D28,"") | J28: =IF(C28="Stage 2",D28,"") -> 100 | O28: 26 | P28: Magmar | Q28: Basic | R28: 60 | S28: 2 | V28: =IF(Q28="Basic",R28,"") -> 60 | W28: =IF(Q28="Stage 1",R28,"") | X28: =IF(Q28="Stage 2",R28,"") | AC28: 26 | AD28: Vaporeon | AE28: Stage 1 | AF28: 80 | AG28: 1 | AJ28: =IF(AE28="Basic",AF28,"") | AK28: =IF(AE28="Stage 1",AF28,"") -> 80 | AL28: =IF(AE28="Stage 2",AF28,"") | AQ28: 26 | AR28: Vikavolt | AS28: Stage 2 | AT28: 100 | AU28: 1 | AX28: =IF(AS28="Basic",AT28,"") | AY28: =IF(AS28="Stage 1",AT28,"") | AZ28: =IF(AS28="Stage 2",AT28,"") -> 100 | BE28: 26 | BF28: Tyrunt | BG28: Stage 1 | BH28: 60 | BI28: 2 | BL28: =IF(BG28="Basic",BH28,"") | BM28: =IF(BG28="Stage 1",BH28,"") -> 60 | BN28: =IF(BG28="Stage 2",BH28,"") | BS28: 26 | BT28: Dottler | BU28: Stage 1 | BV28: 70 | BW28: 2 | BZ28: =IF(BU28="Basic",BV28,"") | CA28: =IF(BU28="Stage 1",BV28,"") -> 70 | CB28: =IF(BU28="Stage 2",BV28,"") | CG28: 26 | CH28: Weavile | CI28: Stage 1 | CJ28: 70 | CK28: 1 | CN28: =IF(CI28="Basic",CJ28,"") | CO28: =IF(CI28="Stage 1",CJ28,"") -> 70 | CP28: =IF(CI28="Stage 2",CJ28,"")
A29: 27 | B29: Phantump | C29: Basic | D29: 50 | E29: 1 | H29: =IF(C29="Basic",D29,"") -> 50 | I29: =IF(C29="Stage 1",D29,"") | J29: =IF(C29="Stage 2",D29,"") | O29: 27 | P29: Magmortar | Q29: Stage 1 | R29: 90 | S29: 3 | V29: =IF(Q29="Basic",R29,"") | W29: =IF(Q29="Stage 1",R29,"") -> 90 | X29: =IF(Q29="Stage 2",R29,"") | AC29: 27 | AD29: Omanyte | AE29: Stage 1 | AF29: 60 | AG29: 1 | AJ29: =IF(AE29="Basic",AF29,"") | AK29: =IF(AE29="Stage 1",AF29,"") -> 60 | AL29: =IF(AE29="Stage 2",AF29,"") | AQ29: 27 | AR29: Zeraora | AS29: Basic | AT29: 80 | AU29: 1 | AX29: =IF(AS29="Basic",AT29,"") -> 80 | AY29: =IF(AS29="Stage 1",AT29,"") | AZ29: =IF(AS29="Stage 2",AT29,"") | BE29: 27 | BF29: Tyrantrum | BG29: Stage 2 | BH29: 100 | BI29: 3 | BL29: =IF(BG29="Basic",BH29,"") | BM29: =IF(BG29="Stage 1",BH29,"") | BN29: =IF(BG29="Stage 2",BH29,"") -> 100 | BS29: 27 | BT29: Orbeetle | BU29: Stage 2 | BV29: 90 | BW29: 1 | BZ29: =IF(BU29="Basic",BV29,"") | CA29: =IF(BU29="Stage 1",BV29,"") | CB29: =IF(BU29="Stage 2",BV29,"") -> 90 | CG29: 27 | CH29: Gastly | CI29: Basic | CJ29: 40 | CK29: 0 | CN29: =IF(CI29="Basic",CJ29,"") -> 40 | CO29: =IF(CI29="Stage 1",CJ29,"") | CP29: =IF(CI29="Stage 2",CJ29,"")
A30: 28 | B30: Trevenant | C30: Stage 1 | D30: 70 | E30: 2 | H30: =IF(C30="Basic",D30,"") | I30: =IF(C30="Stage 1",D30,"") -> 70 | J30: =IF(C30="Stage 2",D30,"") | O30: 28 | P30: Ho-oH | Q30: Basic | R30: 100 | S30: 3 | V30: =IF(Q30="Basic",R30,"") -> 100 | W30: =IF(Q30="Stage 1",R30,"") | X30: =IF(Q30="Stage 2",R30,"") | AC30: 28 | AD30: Omastar | AE30: Stage 2 | AF30: 110 | AG30: 2 | AJ30: =IF(AE30="Basic",AF30,"") | AK30: =IF(AE30="Stage 1",AF30,"") | AL30: =IF(AE30="Stage 2",AF30,"") -> 110 | AQ30: 28 | AR30: Raikou | AS30: Basic | AT30: 80 | AU30: 2 | AX30: =IF(AS30="Basic",AT30,"") -> 80 | AY30: =IF(AS30="Stage 1",AT30,"") | AZ30: =IF(AS30="Stage 2",AT30,"") | BE30: 28 | BF30: Rockruff | BG30: Basic | BH30: 40 | BI30: 1 | BL30: =IF(BG30="Basic",BH30,"") -> 40 | BM30: =IF(BG30="Stage 1",BH30,"") | BN30: =IF(BG30="Stage 2",BH30,"") | BS30: 28 | BT30: Cutiefly | BU30: Basic | BV30: 30 | BW30: 0 | BZ30: =IF(BU30="Basic",BV30,"") -> 30 | CA30: =IF(BU30="Stage 1",BV30,"") | CB30: =IF(BU30="Stage 2",BV30,"") | CG30: 28 | CH30: Haunter | CI30: Stage 1 | CJ30: 60 | CK30: 1 | CN30: =IF(CI30="Basic",CJ30,"") | CO30: =IF(CI30="Stage 1",CJ30,"") -> 60 | CP30: =IF(CI30="Stage 2",CJ30,"")
A31: 29 | B31: Snover | C31: Basic | D31: 60 | E31: 2 | H31: =IF(C31="Basic",D31,"") -> 60 | I31: =IF(C31="Stage 1",D31,"") | J31: =IF(C31="Stage 2",D31,"") | O31: 29 | P31: Litwick | Q31: Basic | R31: 50 | S31: 0 | V31: =IF(Q31="Basic",R31,"") -> 50 | W31: =IF(Q31="Stage 1",R31,"") | X31: =IF(Q31="Stage 2",R31,"") | AC31: 29 | AD31: Mudkip | AE31: Basic | AF31: 50 | AG31: 1 | AJ31: =IF(AE31="Basic",AF31,"") -> 50 | AK31: =IF(AE31="Stage 1",AF31,"") | AL31: =IF(AE31="Stage 2",AF31,"") | AQ31: 29 | AR31: Tynamo | AS31: Basic | AT31: 30 | AU31: 0 | AX31: =IF(AS31="Basic",AT31,"") -> 30 | AY31: =IF(AS31="Stage 1",AT31,"") | AZ31: =IF(AS31="Stage 2",AT31,"") | BE31: 29 | BF31: Lycanroc | BG31: Stage 1 | BH31: 70 | BI31: 1 | BL31: =IF(BG31="Basic",BH31,"") | BM31: =IF(BG31="Stage 1",BH31,"") -> 70 | BN31: =IF(BG31="Stage 2",BH31,"") | BS31: 29 | BT31: Ribombee | BU31: Stage 1 | BV31: 70 | BW31: 0 | BZ31: =IF(BU31="Basic",BV31,"") | CA31: =IF(BU31="Stage 1",BV31,"") -> 70 | CB31: =IF(BU31="Stage 2",BV31,"") | CG31: 29 | CH31: Gengar | CI31: Stage 2 | CJ31: 100 | CK31: 2 | CN31: =IF(CI31="Basic",CJ31,"") | CO31: =IF(CI31="Stage 1",CJ31,"") | CP31: =IF(CI31="Stage 2",CJ31,"") -> 100
A32: 30 | B32: Abomasnow | C32: Stage 1 | D32: 90 | E32: 3 | H32: =IF(C32="Basic",D32,"") | I32: =IF(C32="Stage 1",D32,"") -> 90 | J32: =IF(C32="Stage 2",D32,"") | O32: 30 | P32: Lampent | Q32: Stage 1 | R32: 70 | S32: 1 | V32: =IF(Q32="Basic",R32,"") | W32: =IF(Q32="Stage 1",R32,"") -> 70 | X32: =IF(Q32="Stage 2",R32,"") | AC32: 30 | AD32: Marshtomp | AE32: Stage 1 | AF32: 80 | AG32: 2 | AJ32: =IF(AE32="Basic",AF32,"") | AK32: =IF(AE32="Stage 1",AF32,"") -> 80 | AL32: =IF(AE32="Stage 2",AF32,"") | AQ32: 30 | AR32: Eelektrik | AS32: Stage 1 | AT32: 80 | AU32: 2 | AX32: =IF(AS32="Basic",AT32,"") | AY32: =IF(AS32="Stage 1",AT32,"") -> 80 | AZ32: =IF(AS32="Stage 2",AT32,"") | BE32: 30 | BF32: Lycanroc | BG32: Stage 1 | BH32: 80 | BI32: 2 | BL32: =IF(BG32="Basic",BH32,"") | BM32: =IF(BG32="Stage 1",BH32,"") -> 80 | BN32: =IF(BG32="Stage 2",BH32,"") | BS32: 30 | BT32: Cresselia | BU32: Basic | BV32: 80 | BW32: 2 | BZ32: =IF(BU32="Basic",BV32,"") -> 80 | CA32: =IF(BU32="Stage 1",BV32,"") | CB32: =IF(BU32="Stage 2",BV32,"") | CG32: 30 | CH32: Nihilego | CI32: Basic | CJ32: 60 | CK32: 1 | CN32: =IF(CI32="Basic",CJ32,"") -> 60 | CO32: =IF(CI32="Stage 1",CJ32,"") | CP32: =IF(CI32="Stage 2",CJ32,"")
A33: 31 | B33: Ferroseed | C33: Basic | D33: 60 | E33: 2 | H33: =IF(C33="Basic",D33,"") -> 60 | I33: =IF(C33="Stage 1",D33,"") | J33: =IF(C33="Stage 2",D33,"") | O33: 31 | P33: Chandelure | Q33: Stage 2 | R33: 100 | S33: 2 | V33: =IF(Q33="Basic",R33,"") | W33: =IF(Q33="Stage 1",R33,"") | X33: =IF(Q33="Stage 2",R33,"") -> 100 | AC33: 31 | AD33: Swampert | AE33: Stage 2 | AF33: 110 | AG33: 3 | AJ33: =IF(AE33="Basic",AF33,"") | AK33: =IF(AE33="Stage 1",AF33,"") | AL33: =IF(AE33="Stage 2",AF33,"") -> 110 | AQ33: 31 | AR33: Eelektross | AS33: Stage 2 | AT33: 110 | AU33: 3 | AX33: =IF(AS33="Basic",AT33,"") | AY33: =IF(AS33="Stage 1",AT33,"") | AZ33: =IF(AS33="Stage 2",AT33,"") -> 110 | BE33: 31 | BF33: Jangmo-o | BG33: Basic | BH33: 50 | BI33: 1 | BL33: =IF(BG33="Basic",BH33,"") -> 50 | BM33: =IF(BG33="Stage 1",BH33,"") | BN33: =IF(BG33="Stage 2",BH33,"") | BS33: 31 | BT33: Tinkatink | BU33: Basic | BV33: 50 | BW33: 1 | BZ33: =IF(BU33="Basic",BV33,"") -> 50 | CA33: =IF(BU33="Stage 1",BV33,"") | CB33: =IF(BU33="Stage 2",BV33,"") | CG33: 31 | CH33: Darkrai | CI33: Basic | CJ33: 80 | CK33: 2 | CN33: =IF(CI33="Basic",CJ33,"") -> 80 | CO33: =IF(CI33="Stage 1",CJ33,"") | CP33: =IF(CI33="Stage 2",CJ33,"")
A34: 32 | B34: Ferrothorn | C34: Stage 1 | D34: 80 | E34: 2 | H34: =IF(C34="Basic",D34,"") | I34: =IF(C34="Stage 1",D34,"") -> 80 | J34: =IF(C34="Stage 2",D34,"") | V34: =IF(Q34="Basic",R34,"") | W34: =IF(Q34="Stage 1",R34,"") | X34: =IF(Q34="Stage 2",R34,"") | AC34: 32 | AD34: Relicanth | AE34: Basic | AF34: 70 | AG34: 1 | AJ34: =IF(AE34="Basic",AF34,"") -> 70 | AK34: =IF(AE34="Stage 1",AF34,"") | AL34: =IF(AE34="Stage 2",AF34,"") | AQ34: 32 | AR34: Regieleki | AS34: Basic | AT34: 90 | AU34: 3 | AX34: =IF(AS34="Basic",AT34,"") -> 90 | AY34: =IF(AS34="Stage 1",AT34,"") | AZ34: =IF(AS34="Stage 2",AT34,"") | BE34: 32 | BF34: Hakamo-o | BG34: Stage 1 | BH34: 80 | BI34: 2 | BL34: =IF(BG34="Basic",BH34,"") | BM34: =IF(BG34="Stage 1",BH34,"") -> 80 | BN34: =IF(BG34="Stage 2",BH34,"") | BS34: 32 | BT34: Tinkatuff | BU34: Stage 1 | BV34: 80 | BW34: 2 | BZ34: =IF(BU34="Basic",BV34,"") | CA34: =IF(BU34="Stage 1",BV34,"") -> 80 | CB34: =IF(BU34="Stage 2",BV34,"") | CG34: 32 | CH34: Toxtricity | CI34: Stage 1 | CJ34: 70 | CK34: 1 | CN34: =IF(CI34="Basic",CJ34,"") | CO34: =IF(CI34="Stage 1",CJ34,"") -> 70 | CP34: =IF(CI34="Stage 2",CJ34,"")
A35: 33 | B35: Tangela | C35: Basic | D35: 60 | E35: 2 | H35: =IF(C35="Basic",D35,"") -> 60 | I35: =IF(C35="Stage 1",D35,"") | J35: =IF(C35="Stage 2",D35,"") | V35: =IF(Q35="Basic",R35,"") | W35: =IF(Q35="Stage 1",R35,"") | X35: =IF(Q35="Stage 2",R35,"") | AC35: 33 | AD35: Suicune | AE35: Basic | AF35: 80 | AG35: 2 | AJ35: =IF(AE35="Basic",AF35,"") -> 80 | AK35: =IF(AE35="Stage 1",AF35,"") | AL35: =IF(AE35="Stage 2",AF35,"") | AX35: =IF(AS35="Basic",AT35,"") | AY35: =IF(AS35="Stage 1",AT35,"") | AZ35: =IF(AS35="Stage 2",AT35,"") | BE35: 33 | BF35: Kommo-o | BG35: Stage 2 | BH35: 110 | BI35: 3 | BL35: =IF(BG35="Basic",BH35,"") | BM35: =IF(BG35="Stage 1",BH35,"") | BN35: =IF(BG35="Stage 2",BH35,"") -> 110 | BS35: 33 | BT35: Tinkaton | BU35: Stage 2 | BV35: 100 | BW35: 2 | BZ35: =IF(BU35="Basic",BV35,"") | CA35: =IF(BU35="Stage 1",BV35,"") | CB35: =IF(BU35="Stage 2",BV35,"") -> 100 | CN35: =IF(CI35="Basic",CJ35,"") | CO35: =IF(CI35="Stage 1",CJ35,"") | CP35: =IF(CI35="Stage 2",CJ35,"")
A36: 34 | B36: Tangrowth | C36: Stage 1 | D36: 100 | E36: 4 | H36: =IF(C36="Basic",D36,"") | I36: =IF(C36="Stage 1",D36,"") -> 100 | J36: =IF(C36="Stage 2",D36,"") | V36: =IF(Q36="Basic",R36,"") | W36: =IF(Q36="Stage 1",R36,"") | X36: =IF(Q36="Stage 2",R36,"") | AJ36: =IF(AE36="Basic",AF36,"") | AK36: =IF(AE36="Stage 1",AF36,"") | AL36: =IF(AE36="Stage 2",AF36,"") | AX36: =IF(AS36="Basic",AT36,"") | AY36: =IF(AS36="Stage 1",AT36,"") | AZ36: =IF(AS36="Stage 2",AT36,"") | BE36: 34 | BF36: Gallade | BG36: Stage 2 | BH36: 110 | BI36: 2 | BL36: =IF(BG36="Basic",BH36,"") | BM36: =IF(BG36="Stage 1",BH36,"") | BN36: =IF(BG36="Stage 2",BH36,"") -> 110 | BZ36: =IF(BU36="Basic",BV36,"") | CA36: =IF(BU36="Stage 1",BV36,"") | CB36: =IF(BU36="Stage 2",BV36,"") | CN36: =IF(CI36="Basic",CJ36,"") | CO36: =IF(CI36="Stage 1",CJ36,"") | CP36: =IF(CI36="Stage 2",CJ36,"")
A37: 35 | B37: Scyther | C37: Basic | D37: 60 | E37: 0 | H37: =IF(C37="Basic",D37,"") -> 60 | I37: =IF(C37="Stage 1",D37,"") | J37: =IF(C37="Stage 2",D37,"") | V37: =IF(Q37="Basic",R37,"") | W37: =IF(Q37="Stage 1",R37,"") | X37: =IF(Q37="Stage 2",R37,"") | AJ37: =IF(AE37="Basic",AF37,"") | AK37: =IF(AE37="Stage 1",AF37,"") | AL37: =IF(AE37="Stage 2",AF37,"") | AX37: =IF(AS37="Basic",AT37,"") | AY37: =IF(AS37="Stage 1",AT37,"") | AZ37: =IF(AS37="Stage 2",AT37,"") | BL37: =IF(BG37="Basic",BH37,"") | BM37: =IF(BG37="Stage 1",BH37,"") | BN37: =IF(BG37="Stage 2",BH37,"") | BZ37: =IF(BU37="Basic",BV37,"") | CA37: =IF(BU37="Stage 1",BV37,"") | CB37: =IF(BU37="Stage 2",BV37,"") | CN37: =IF(CI37="Basic",CJ37,"") | CO37: =IF(CI37="Stage 1",CJ37,"") | CP37: =IF(CI37="Stage 2",CJ37,"")
A38: 36 | B38: Leafeon | C38: Stage 1 | D38: 80 | E38: 1 | H38: =IF(C38="Basic",D38,"") | I38: =IF(C38="Stage 1",D38,"") -> 80 | J38: =IF(C38="Stage 2",D38,"") | V38: =IF(Q38="Basic",R38,"") | W38: =IF(Q38="Stage 1",R38,"") | X38: =IF(Q38="Stage 2",R38,"") | AJ38: =IF(AE38="Basic",AF38,"") | AK38: =IF(AE38="Stage 1",AF38,"") | AL38: =IF(AE38="Stage 2",AF38,"") | AX38: =IF(AS38="Basic",AT38,"") | AY38: =IF(AS38="Stage 1",AT38,"") | AZ38: =IF(AS38="Stage 2",AT38,"") | BL38: =IF(BG38="Basic",BH38,"") | BM38: =IF(BG38="Stage 1",BH38,"") | BN38: =IF(BG38="Stage 2",BH38,"") | BZ38: =IF(BU38="Basic",BV38,"") | CA38: =IF(BU38="Stage 1",BV38,"") | CB38: =IF(BU38="Stage 2",BV38,"") | CN38: =IF(CI38="Basic",CJ38,"") | CO38: =IF(CI38="Stage 1",CJ38,"") | CP38: =IF(CI38="Stage 2",CJ38,"")
H39: =IF(C39="Basic",D39,"") | I39: =IF(C39="Stage 1",D39,"") | J39: =IF(C39="Stage 2",D39,"") | V39: =IF(Q39="Basic",R39,"") | W39: =IF(Q39="Stage 1",R39,"") | X39: =IF(Q39="Stage 2",R39,"") | AJ39: =IF(AE39="Basic",AF39,"") | AK39: =IF(AE39="Stage 1",AF39,"") | AL39: =IF(AE39="Stage 2",AF39,"") | AX39: =IF(AS39="Basic",AT39,"") | AY39: =IF(AS39="Stage 1",AT39,"") | AZ39: =IF(AS39="Stage 2",AT39,"") | BL39: =IF(BG39="Basic",BH39,"") | BM39: =IF(BG39="Stage 1",BH39,"") | BN39: =IF(BG39="Stage 2",BH39,"") | BZ39: =IF(BU39="Basic",BV39,"") | CA39: =IF(BU39="Stage 1",BV39,"") | CB39: =IF(BU39="Stage 2",BV39,"") | CN39: =IF(CI39="Basic",CJ39,"") | CO39: =IF(CI39="Stage 1",CJ39,"") | CP39: =IF(CI39="Stage 2",CJ39,"")
H41: =IF(C3="Basic",E3,"") -> 1 | I41: =IF(C3="Stage 1",E3,"") | J41: =IF(C3="Stage 2",E3,"") | V41: =IF(Q3="Basic",S3,"") -> 1 | W41: =IF(Q3="Stage 1",S3,"") | X41: =IF(Q3="Stage 2",S3,"") | AJ41: =IF(AE3="Basic",AG3,"") -> 1 | AK41: =IF(AE3="Stage 1",AG3,"") | AL41: =IF(AE3="Stage 2",AG3,"") | AX41: =IF(AS3="Basic",AU3,"") -> 1 | AY41: =IF(AS3="Stage 1",AU3,"") | AZ41: =IF(AS3="Stage 2",AU3,"") | BL41: =IF(BG3="Basic",BI3,"") -> 1 | BM41: =IF(BG3="Stage 1",BI3,"") | BN41: =IF(BG3="Stage 2",BI3,"") | BZ41: =IF(BU3="Basic",BW3,"") -> 1 | CA41: =IF(BU3="Stage 1",BW3,"") | CB41: =IF(BU3="Stage 2",BW3,"") | CN41: =IF(CI3="Basic",CK3,"") -> 1 | CO41: =IF(CI3="Stage 1",CK3,"") | CP41: =IF(CI3="Stage 2",CK3,"")
H42: =IF(C4="Basic",E4,"") | I42: =IF(C4="Stage 1",E4,"") -> 2 | J42: =IF(C4="Stage 2",E4,"") | V42: =IF(Q4="Basic",S4,"") | W42: =IF(Q4="Stage 1",S4,"") -> 2 | X42: =IF(Q4="Stage 2",S4,"") | AJ42: =IF(AE4="Basic",AG4,"") | AK42: =IF(AE4="Stage 1",AG4,"") -> 1 | AL42: =IF(AE4="Stage 2",AG4,"") | AX42: =IF(AS4="Basic",AU4,"") | AY42: =IF(AS4="Stage 1",AU4,"") -> 1 | AZ42: =IF(AS4="Stage 2",AU4,"") | BL42: =IF(BG4="Basic",BI4,"") | BM42: =IF(BG4="Stage 1",BI4,"") -> 2 | BN42: =IF(BG4="Stage 2",BI4,"") | BZ42: =IF(BU4="Basic",BW4,"") | CA42: =IF(BU4="Stage 1",BW4,"") -> 1 | CB42: =IF(BU4="Stage 2",BW4,"") | CN42: =IF(CI4="Basic",CK4,"") | CO42: =IF(CI4="Stage 1",CK4,"") -> 2 | CP42: =IF(CI4="Stage 2",CK4,"")
H43: =IF(C5="Basic",E5,"") | I43: =IF(C5="Stage 1",E5,"") | J43: =IF(C5="Stage 2",E5,"") -> 2 | V43: =IF(Q5="Basic",S5,"") | W43: =IF(Q5="Stage 1",S5,"") | X43: =IF(Q5="Stage 2",S5,"") -> 3 | AJ43: =IF(AE5="Basic",AG5,"") | AK43: =IF(AE5="Stage 1",AG5,"") | AL43: =IF(AE5="Stage 2",AG5,"") -> 1 | AX43: =IF(AS5="Basic",AU5,"") -> 1 | AY43: =IF(AS5="Stage 1",AU5,"") | AZ43: =IF(AS5="Stage 2",AU5,"") | BL43: =IF(BG5="Basic",BI5,"") -> 1 | BM43: =IF(BG5="Stage 1",BI5,"") | BN43: =IF(BG5="Stage 2",BI5,"") | BZ43: =IF(BU5="Basic",BW5,"") | CA43: =IF(BU5="Stage 1",BW5,"") | CB43: =IF(BU5="Stage 2",BW5,"") -> 2 | CN43: =IF(CI5="Basic",CK5,"") | CO43: =IF(CI5="Stage 1",CK5,"") | CP43: =IF(CI5="Stage 2",CK5,"") -> 3
H44: =IF(C6="Basic",E6,"") -> 1 | I44: =IF(C6="Stage 1",E6,"") | J44: =IF(C6="Stage 2",E6,"") | V44: =IF(Q6="Basic",S6,"") -> 1 | W44: =IF(Q6="Stage 1",S6,"") | X44: =IF(Q6="Stage 2",S6,"") | AJ44: =IF(AE6="Basic",AG6,"") -> 0 | AK44: =IF(AE6="Stage 1",AG6,"") | AL44: =IF(AE6="Stage 2",AG6,"") | AX44: =IF(AS6="Basic",AU6,"") | AY44: =IF(AS6="Stage 1",AU6,"") -> 1 | AZ44: =IF(AS6="Stage 2",AU6,"") | BL44: =IF(BG6="Basic",BI6,"") | BM44: =IF(BG6="Stage 1",BI6,"") -> 2 | BN44: =IF(BG6="Stage 2",BI6,"") | BZ44: =IF(BU6="Basic",BW6,"") -> 1 | CA44: =IF(BU6="Stage 1",BW6,"") | CB44: =IF(BU6="Stage 2",BW6,"") | CN44: =IF(CI6="Basic",CK6,"") -> 1 | CO44: =IF(CI6="Stage 1",CK6,"") | CP44: =IF(CI6="Stage 2",CK6,"")
H45: =IF(C7="Basic",E7,"") -> 1 | I45: =IF(C7="Stage 1",E7,"") | J45: =IF(C7="Stage 2",E7,"") | V45: =IF(Q7="Basic",S7,"") | W45: =IF(Q7="Stage 1",S7,"") -> 1 | X45: =IF(Q7="Stage 2",S7,"") | AJ45: =IF(AE7="Basic",AG7,"") | AK45: =IF(AE7="Stage 1",AG7,"") -> 1 | AL45: =IF(AE7="Stage 2",AG7,"") | AX45: =IF(AS7="Basic",AU7,"") -> 2 | AY45: =IF(AS7="Stage 1",AU7,"") | AZ45: =IF(AS7="Stage 2",AU7,"") | BL45: =IF(BG7="Basic",BI7,"") -> 1 | BM45: =IF(BG7="Stage 1",BI7,"") | BN45: =IF(BG7="Stage 2",BI7,"") | BZ45: =IF(BU7="Basic",BW7,"") | CA45: =IF(BU7="Stage 1",BW7,"") -> 1 | CB45: =IF(BU7="Stage 2",BW7,"") | CN45: =IF(CI7="Basic",CK7,"") | CO45: =IF(CI7="Stage 1",CK7,"") -> 2 | CP45: =IF(CI7="Stage 2",CK7,"")
H46: =IF(C8="Basic",E8,"") | I46: =IF(C8="Stage 1",E8,"") -> 2 | J46: =IF(C8="Stage 2",E8,"") | V46: =IF(Q8="Basic",S8,"") | W46: =IF(Q8="Stage 1",S8,"") | X46: =IF(Q8="Stage 2",S8,"") -> 2 | AJ46: =IF(AE8="Basic",AG8,"") -> 1 | AK46: =IF(AE8="Stage 1",AG8,"") | AL46: =IF(AE8="Stage 2",AG8,"") | AX46: =IF(AS8="Basic",AU8,"") -> 1 | AY46: =IF(AS8="Stage 1",AU8,"") | AZ46: =IF(AS8="Stage 2",AU8,"") | BL46: =IF(BG8="Basic",BI8,"") | BM46: =IF(BG8="Stage 1",BI8,"") -> 2 | BN46: =IF(BG8="Stage 2",BI8,"") | BZ46: =IF(BU8="Basic",BW8,"") -> 0 | CA46: =IF(BU8="Stage 1",BW8,"") | CB46: =IF(BU8="Stage 2",BW8,"") | CN46: =IF(CI8="Basic",CK8,"") -> 1 | CO46: =IF(CI8="Stage 1",CK8,"") | CP46: =IF(CI8="Stage 2",CK8,"")
H47: =IF(C9="Basic",E9,"") | I47: =IF(C9="Stage 1",E9,"") | J47: =IF(C9="Stage 2",E9,"") -> 0 | V47: =IF(Q9="Basic",S9,"") -> 1 | W47: =IF(Q9="Stage 1",S9,"") | X47: =IF(Q9="Stage 2",S9,"") | AJ47: =IF(AE9="Basic",AG9,"") -> 1 | AK47: =IF(AE9="Stage 1",AG9,"") | AL47: =IF(AE9="Stage 2",AG9,"") | AX47: =IF(AS9="Basic",AU9,"") | AY47: =IF(AS9="Stage 1",AU9,"") -> 1 | AZ47: =IF(AS9="Stage 2",AU9,"") | BL47: =IF(BG9="Basic",BI9,"") | BM47: =IF(BG9="Stage 1",BI9,"") | BN47: =IF(BG9="Stage 2",BI9,"") -> 3 | BZ47: =IF(BU9="Basic",BW9,"") | CA47: =IF(BU9="Stage 1",BW9,"") -> 2 | CB47: =IF(BU9="Stage 2",BW9,"") | CN47: =IF(CI9="Basic",CK9,"") | CO47: =IF(CI9="Stage 1",CK9,"") -> 1 | CP47: =IF(CI9="Stage 2",CK9,"")
H48: =IF(C10="Basic",E10,"") -> 0 | I48: =IF(C10="Stage 1",E10,"") | J48: =IF(C10="Stage 2",E10,"") | V48: =IF(Q10="Basic",S10,"") | W48: =IF(Q10="Stage 1",S10,"") -> 2 | X48: =IF(Q10="Stage 2",S10,"") | AJ48: =IF(AE10="Basic",AG10,"") | AK48: =IF(AE10="Stage 1",AG10,"") -> 2 | AL48: =IF(AE10="Stage 2",AG10,"") | AX48: =IF(AS10="Basic",AU10,"") | AY48: =IF(AS10="Stage 1",AU10,"") | AZ48: =IF(AS10="Stage 2",AU10,"") -> 1 | BL48: =IF(BG10="Basic",BI10,"") -> 1 | BM48: =IF(BG10="Stage 1",BI10,"") | BN48: =IF(BG10="Stage 2",BI10,"") | BZ48: =IF(BU10="Basic",BW10,"") | CA48: =IF(BU10="Stage 1",BW10,"") | CB48: =IF(BU10="Stage 2",BW10,"") -> 3 | CN48: =IF(CI10="Basic",CK10,"") | CO48: =IF(CI10="Stage 1",CK10,"") -> 1 | CP48: =IF(CI10="Stage 2",CK10,"")
H49: =IF(C11="Basic",E11,"") | I49: =IF(C11="Stage 1",E11,"") -> 1 | J49: =IF(C11="Stage 2",E11,"") | V49: =IF(Q11="Basic",S11,"") -> 2 | W49: =IF(Q11="Stage 1",S11,"") | X49: =IF(Q11="Stage 2",S11,"") | AJ49: =IF(AE11="Basic",AG11,"") | AK49: =IF(AE11="Stage 1",AG11,"") | AL49: =IF(AE11="Stage 2",AG11,"") -> 3 | AX49: =IF(AS11="Basic",AU11,"") -> 0 | AY49: =IF(AS11="Stage 1",AU11,"") | AZ49: =IF(AS11="Stage 2",AU11,"") | BL49: =IF(BG11="Basic",BI11,"") | BM49: =IF(BG11="Stage 1",BI11,"") -> 2 | BN49: =IF(BG11="Stage 2",BI11,"") | BZ49: =IF(BU11="Basic",BW11,"") -> 1 | CA49: =IF(BU11="Stage 1",BW11,"") | CB49: =IF(BU11="Stage 2",BW11,"") | CN49: =IF(CI11="Basic",CK11,"") | CO49: =IF(CI11="Stage 1",CK11,"") | CP49: =IF(CI11="Stage 2",CK11,"") -> 0
H50: =IF(C12="Basic",E12,"") | I50: =IF(C12="Stage 1",E12,"") | J50: =IF(C12="Stage 2",E12,"") -> 1 | V50: =IF(Q12="Basic",S12,"") | W50: =IF(Q12="Stage 1",S12,"") -> 2 | X50: =IF(Q12="Stage 2",S12,"") | AJ50: =IF(AE12="Basic",AG12,"") -> 1 | AK50: =IF(AE12="Stage 1",AG12,"") | AL50: =IF(AE12="Stage 2",AG12,"") | AX50: =IF(AS12="Basic",AU12,"") -> 0 | AY50: =IF(AS12="Stage 1",AU12,"") | AZ50: =IF(AS12="Stage 2",AU12,"") | BL50: =IF(BG12="Basic",BI12,"") -> 0 | BM50: =IF(BG12="Stage 1",BI12,"") | BN50: =IF(BG12="Stage 2",BI12,"") | BZ50: =IF(BU12="Basic",BW12,"") | CA50: =IF(BU12="Stage 1",BW12,"") -> 1 | CB50: =IF(BU12="Stage 2",BW12,"") | CN50: =IF(CI12="Basic",CK12,"") -> 2 | CO50: =IF(CI12="Stage 1",CK12,"") | CP50: =IF(CI12="Stage 2",CK12,"")
H51: =IF(C13="Basic",E13,"") -> 2 | I51: =IF(C13="Stage 1",E13,"") | J51: =IF(C13="Stage 2",E13,"") | V51: =IF(Q13="Basic",S13,"") -> 1 | W51: =IF(Q13="Stage 1",S13,"") | X51: =IF(Q13="Stage 2",S13,"") | AJ51: =IF(AE13="Basic",AG13,"") | AK51: =IF(AE13="Stage 1",AG13,"") -> 2 | AL51: =IF(AE13="Stage 2",AG13,"") | AX51: =IF(AS13="Basic",AU13,"") -> 1 | AY51: =IF(AS13="Stage 1",AU13,"") | AZ51: =IF(AS13="Stage 2",AU13,"") | BL51: =IF(BG13="Basic",BI13,"") -> 2 | BM51: =IF(BG13="Stage 1",BI13,"") | BN51: =IF(BG13="Stage 2",BI13,"") | BZ51: =IF(BU13="Basic",BW13,"") -> 2 | CA51: =IF(BU13="Stage 1",BW13,"") | CB51: =IF(BU13="Stage 2",BW13,"") | CN51: =IF(CI13="Basic",CK13,"") | CO51: =IF(CI13="Stage 1",CK13,"") -> 3 | CP51: =IF(CI13="Stage 2",CK13,"")
H52: =IF(C14="Basic",E14,"") | I52: =IF(C14="Stage 1",E14,"") -> 0 | J52: =IF(C14="Stage 2",E14,"") | V52: =IF(Q14="Basic",S14,"") | W52: =IF(Q14="Stage 1",S14,"") -> 2 | X52: =IF(Q14="Stage 2",S14,"") | AJ52: =IF(AE14="Basic",AG14,"") -> 1 | AK52: =IF(AE14="Stage 1",AG14,"") | AL52: =IF(AE14="Stage 2",AG14,"") | AX52: =IF(AS14="Basic",AU14,"") | AY52: =IF(AS14="Stage 1",AU14,"") -> 2 | AZ52: =IF(AS14="Stage 2",AU14,"") | BL52: =IF(BG14="Basic",BI14,"") -> 1 | BM52: =IF(BG14="Stage 1",BI14,"") | BN52: =IF(BG14="Stage 2",BI14,"") | BZ52: =IF(BU14="Basic",BW14,"") | CA52: =IF(BU14="Stage 1",BW14,"") -> 1 | CB52: =IF(BU14="Stage 2",BW14,"") | CN52: =IF(CI14="Basic",CK14,"") -> 0 | CO52: =IF(CI14="Stage 1",CK14,"") | CP52: =IF(CI14="Stage 2",CK14,"")
... H77: =IF(C39="Basic",E39,"") | I77: =IF(C39="Stage 1",E39,"") | J77: =IF(C39="Stage 2",E39,"") | V77: =IF(Q39="Basic",S39,"") | W77: =IF(Q39="Stage 1",S39,"") | X77: =IF(Q39="Stage 2",S39,"") | AJ77: =IF(AE39="Basic",AG39,"") | AK77: =IF(AE39="Stage 1",AG39,"") | AL77: =IF(AE39="Stage 2",AG39,"") | AX77: =IF(AS39="Basic",AU39,"") | AY77: =IF(AS39="Stage 1",AU39,"") | AZ77: =IF(AS39="Stage 2",AU39,"") | BL77: =IF(BG39="Basic",BI39,"") | BM77: =IF(BG39="Stage 1",BI39,"") | BN77: =IF(BG39="Stage 2",BI39,"") | BZ77: =IF(BU39="Basic",BW39,"") | CA77: =IF(BU39="Stage 1",BW39,"") | CB77: =IF(BU39="Stage 2",BW39,"") | CN77: =IF(CI39="Basic",CK39,"") | CO77: =IF(CI39="Stage 1",CK39,"") | CP77: =IF(CI39="Stage 2",CK39,"")

Sheet Sheet5
C1: TYPE | D1: WK | E1: RS | F1: Count | H1: GRASS | L1: FIGHTING | Q1: TYPE | R1: WK | S1: RS | T1: Count | V1: GRASS | Z1: FIGHTING
B2: =Sheet1!B3 -> Chikorita | C2: Grass | D2: FIRE | E2: WATER | F2: =COUNTA(B2:B37) -> 36 | H2: WK | I2: RS | J2: Total | L2: WK | M2: RS | N2: Total | P2: =Sheet1!P3 -> Tepig | Q2: FIRE | R2: WATER | S2: Grass | T2: =COUNTA(P2:P32) -> 31 | V2: WK | W2: RS | X2: Total | Z2: WK | AA2: RS | AB2: Total
B3: =Sheet1!B4 -> Bayleef | C3: Grass | D3: FIRE | E3: WATER | H3: =COUNTIF(D:D,"GRASS") -> 0 | I3: =COUNTIF(E:E,"GRASS") -> 5 | J3: =H3+I3 -> 5 | L3: =COUNTIF($D:$D,"FIGHTING") -> 2 | M3: =COUNTIF($E:$E,"FIGHTING") -> 7 | N3: =L3+M3 -> 9 | P3: =Sheet1!P4 -> Pignite | Q3: FIRE | R3: WATER | S3: Grass | V3: =COUNTIF(R:R,"GRASS") -> 0 | W3: =COUNTIF(S:S,"GRASS") -> 10 | X3: =V3+W3 -> 10 | Z3: =COUNTIF(R:R,"FIGHTING") -> 6 | AA3: =COUNTIF(S:S,"FIGHTING") -> 2 | AB3: =Z3+AA3 -> 8
B4: =Sheet1!B5 -> Meganium | C4: Grass | D4: FIRE | E4: WATER | H4: =H3/J3 -> 0 | I4: =I3/J3 -> 1 | J4: =J3/$N$18 -> 0.079365079 | L4: =L3/N3 -> 0.22222222 | M4: =M3/N3 -> 0.77777778 | N4: =N3/$N$18 -> 0.14285714 | P4: =Sheet1!P5 -> Emboar | Q4: FIRE | R4: WATER | S4: Grass | V4: =V3/X3 -> 0 | W4: =W3/X3 -> 1 | X4: =X3/$N$18 -> 0.15873016 | Z4: =Z3/AB3 -> 0.75 | AA4: =AA3/AB3 -> 0.25 | AB4: =AB3/$N$18 -> 0.12698413
B5: =Sheet1!B6 -> Celebi | C5: Grass | D5: DARKNESS | E5: LIGHTNING | G5: Global | H5: =H3/$L$18 -> 0 | I5: =I3/$M$18 -> 0.18518519 | K5: Global | L5: =L3/$L$18 -> 0.055555556 | M5: =M3/$M$18 -> 0.25925926 | P5: =Sheet1!P6 -> Houndour | Q5: FIRE | R5: WATER | U5: Global | V5: =V3/$AB$18 -> 0 | W5: =W3/$AB$18 -> 0.22222222 | Y5: Global | Z5: =Z3/$AB$18 -> 0.13333333 | AA5: =AA3/$AB$18 -> 0.044444444
B6: =Sheet1!B7 -> Wurmple | C6: Grass | D6: FIRE | H6: FIRE | L6: PSYCHIC | P6: =Sheet1!P7 -> Houndoom | Q6: FIRE | R6: FIGHTING | S6: PSYCHIC | V6: FIRE | Z6: PSYCHIC
B7: =Sheet1!B8 -> Silcoon | C7: Grass | D7: FIRE | H7: WK | I7: RS | J7: Total | L7: WK | M7: RS | N7: Total | P7: =Sheet1!P8 -> Delta Kingdra | Q7: FIRE | R7: FIGHTING | S7: FIRE | V7: WK | W7: RS | X7: Total | Z7: WK | AA7: RS | AB7: Total
B8: =Sheet1!B9 -> Beautifly | C8: Grass | D8: LIGHTNING | E8: FIGHTING | H8: =COUNTIF(D:D,"FIRE") -> 23 | I8: =COUNTIF(E:E,"FIRE") -> 1 | J8: =H8+I8 -> 24 | L8: =COUNTIF($D:$D,"PSYCHIC") -> 3 | M8: =COUNTIF($E:$E,"PSYCHIC") -> 2 | N8: =L8+M8 -> 5 | P8: =Sheet1!P9 -> Sizzlipede | Q8: FIRE | R8: WATER | V8: =COUNTIF(R:R,"FIRE") -> 0 | W8: =COUNTIF(S:S,"FIRE") -> 1 | X8: =V8+W8 -> 1 | Z8: =COUNTIF(R:R,"PSYCHIC") -> 3 | AA8: =COUNTIF(S:S,"PSYCHIC") -> 3 | AB8: =Z8+AA8 -> 6
B9: =Sheet1!B10 -> Rowlet | C9: Grass | D9: FIRE | E9: FIGHTING | H9: =H8/J8 -> 0.95833333 | I9: =I8/J8 -> 0.041666667 | J9: =J8/N18 -> 0.38095238 | L9: =L8/N8 -> 0.6 | M9: =M8/N8 -> 0.4 | N9: =N8/$N$18 -> 0.079365079 | P9: =Sheet1!P10 -> Centiskorch | Q9: FIRE | R9: FIGHTING | S9: Grass | V9: =V8/X8 -> 0 | W9: =W8/X8 -> 1 | X9: =X8/AB18 -> 0.022222222 | Z9: =Z8/AB8 -> 0.5 | AA9: =AA8/AB8 -> 0.5 | AB9: =AB8/$N$18 -> 0.095238095
B10: =Sheet1!B11 -> Dartrix | C10: Grass | D10: FIRE | E10: FIGHTING | G10: Global | H10: =H8/$L$18 -> 0.63888889 | I10: =I8/$M$18 -> 0.037037037 | K10: Global | L10: =L8/$L$18 -> 0.083333333 | M10: =M8/$M$18 -> 0.074074074 | P10: =Sheet1!P11 -> Darumaka | Q10: FIRE | R10: WATER | U10: Global | V10: =V8/$AB$18 -> 0 | W10: =W8/$AB$18 -> 0.022222222 | Y10: Global | Z10: =Z8/$AB$18 -> 0.066666667 | AA10: =AA8/$AB$18 -> 0.066666667
B11: =Sheet1!B12 -> Decidueye | C11: Grass | D11: FIRE | E11: FIGHTING | H11: WATER | L11: DARKNESS | P11: =Sheet1!P12 -> Darmanitan | Q11: FIRE | R11: WATER | S11: Grass | V11: WATER | Z11: DARKNESS
B12: =Sheet1!B13 -> Shellmet | C12: Grass | D12: FIRE | H12: WK | I12: RS | J12: Total | L12: WK | M12: RS | N12: Total | P12: =Sheet1!P13 -> Littleo | Q12: FIRE | R12: FIGHTING | S12: PSYCHIC | V12: WK | W12: RS | X12: Total | Z12: WK | AA12: RS | AB12: Total
B13: =Sheet1!B14 -> Accelgor | C13: Grass | D13: FIRE | E13: GRASS | H13: =COUNTIF(D:D,"WATER") -> 3 | I13: =COUNTIF(E:E,"WATER") -> 9 | J13: =H13+I13 -> 12 | L13: =COUNTIF($D:$D,"DARKNESS") -> 1 | M13: =COUNTIF($E:$E,"DARKNESS") -> 1 | N13: =L13+M13 -> 2 | P13: =Sheet1!P14 -> Pyroar | Q13: FIRE | R13: FIGHTING | S13: PSYCHIC | V13: =COUNTIF(R:R,"WATER") -> 17 | W13: =COUNTIF(S:S,"WATER") -> 0 | X13: =V13+W13 -> 17 | Z13: =COUNTIF(R:R,"DARKNESS") -> 0 | AA13: =COUNTIF(S:S,"DARKNESS") -> 0 | AB13: =Z13+AA13 -> 0
B14: =Sheet1!B15 -> Volbeat | C14: Grass | D14: FIRE | E14: GRASS | H14: =H13/J13 -> 0.25 | I14: =I13/J13 -> 0.75 | J14: =J13/$N$18 -> 0.19047619 | L14: =L13/N13 -> 0.5 | M14: =M13/N13 -> 0.5 | N14: =N13/$N$18 -> 0.031746032 | P14: =Sheet1!P15 -> Numel | Q14: FIRE | R14: WATER | V14: =V13/X13 -> 1 | W14: =W13/X13 -> 0 | X14: =X13/$N$18 -> 0.26984127 | Z14: =Z13/AB13 -> #DIV/0! | AA14: =AA13/AB13 -> #DIV/0! | AB14: =AB13/$N$18 -> 0
B15: =Sheet1!B16 -> Illumise | C15: Grass | D15: FIRE | E15: GRASS | G15: Global | H15: =H13/$L$18 -> 0.083333333 | I15: =I13/$M$18 -> 0.33333333 | K15: Global | L15: =L13/$L$18 -> 0.027777778 | M15: =M13/$M$18 -> 0.037037037 | P15: =Sheet1!P16 -> Camerupt | Q15: FIRE | R15: WATER | S15: LIGHTNING | U15: Global | V15: =V13/$AB$18 -> 0.37777778 | W15: =W13/$AB$18 -> 0 | Y15: Global | Z15: =Z13/$AB$18 -> 0 | AA15: =AA13/$AB$18 -> 0
B16: =Sheet1!B17 -> Karrablast | C16: Grass | D16: FIRE | H16: LIGHTNING | L16: TOTAL | P16: =Sheet1!P17 -> Flareon | Q16: FIRE | R16: WATER | S16: Grass | V16: LIGHTNING | Z16: TOTAL
B17: =Sheet1!B18 -> Escavalier | C17: Grass | D17: FIRE | E17: GRASS | H17: WK | I17: RS | J17: Total | L17: WK | M17: RS | N17: Total | P17: =Sheet1!P18 -> Turtonator | Q17: FIRE | R17: FIGHTING | S17: LIGHTNING | V17: WK | W17: RS | X17: Total | Z17: WK | AA17: RS | AB17: Total
B18: =Sheet1!B19 -> Applin | C18: Grass | D18: WATER | H18: =COUNTIF($D:$D,"LIGHTNING") -> 4 | I18: =COUNTIF($E:$E,"LIGHTNING") -> 2 | J18: =H18+I18 -> 6 | L18: =H3+L3+H8+L8+H13+L13+H18 -> 36 | M18: =I3+M3+I8+M8+I13+M13+I18 -> 27 | N18: =L18+M18 -> 63 | P18: =Sheet1!P19 -> Entei | Q18: FIRE | V18: =COUNTIF(R:R,"LIGHTNING") -> 0 | W18: =COUNTIF(S:S,"LIGHTNING") -> 3 | X18: =V18+W18 -> 3 | Z18: =V3+Z3+V8+Z8+V13+Z13+V18 -> 26 | AA18: =W3+AA3+W8+AA8+W13+AA13+W18 -> 19 | AB18: =Z18+AA18 -> 45
B19: =Sheet1!B20 -> Flapple | C19: Grass | D19: WATER | E19: GRASS | H19: =H18/J18 -> 0.66666667 | I19: =I18/J18 -> 0.33333333 | J19: =J18/$N$18 -> 0.095238095 | L19: =L18/N18 -> 0.57142857 | M19: =M18/N18 -> 0.42857143 | P19: =Sheet1!P20 -> Fuecoco | Q19: FIRE | R19: WATER | S19: Grass | V19: =V18/X18 -> 0 | W19: =W18/X18 -> 1 | X19: =X18/$N$18 -> 0.047619048 | Z19: =Z18/AB18 -> 0.57777778 | AA19: =AA18/AB18 -> 0.42222222
B20: =Sheet1!B21 -> Appletune | C20: Grass | D20: WATER | E20: FIRE | G20: Global | H20: =H18/$L$18 -> 0.11111111 | I20: =I18/$M$18 -> 0.074074074 | P20: =Sheet1!P21 -> Crocalor | Q20: FIRE | R20: WATER | S20: Grass | U20: Global | V20: =V18/$AB$18 -> 0 | W20: =W18/$AB$18 -> 0.066666667
B21: =Sheet1!B22 -> Shroomish | C21: Grass | D21: FIRE | P21: =Sheet1!P22 -> Skeledirge | Q21: FIRE | R21: WATER | S21: Grass
B22: =Sheet1!B23 -> Breloom | C22: Grass | D22: PSYCHIC | E22: DARKNESS | P22: =Sheet1!P23 -> Bagon | Q22: FIRE | R22: WATER
B23: =Sheet1!B24 -> Yanma | C23: Grass | D23: LIGHTNING | E23: FIGHTING | P23: =Sheet1!P24 -> Shelgon | Q23: FIRE | R23: WATER | S23: Grass
B24: =Sheet1!B25 -> Yanmega | C24: Grass | D24: LIGHTNING | E24: FIGHTING | P24: =Sheet1!P25 -> Salamence | Q24: FIRE | R24: WATER | S24: FIGHTING
B25: =Sheet1!B26 -> Bounsweet | C25: Grass | D25: FIRE | E25: WATER | P25: =Sheet1!P26 -> Druddigon | Q25: FIRE | R25: WATER | S25: LIGHTNING
B26: =Sheet1!B27 -> Steenee | C26: Grass | D26: FIRE | E26: WATER | P26: =Sheet1!P27 -> Magby | Q26: FIRE
B27: =Sheet1!B28 -> Tsareena | C27: Grass | D27: FIRE | E27: WATER | P27: =Sheet1!P28 -> Magmar | Q27: FIRE
B28: =Sheet1!B29 -> Phantump | C28: Grass | D28: PSYCHIC | P28: =Sheet1!P29 -> Magmortar | Q28: FIRE
B29: =Sheet1!B30 -> Trevenant | C29: Grass | D29: PSYCHIC | E29: FIGHTING | P29: =Sheet1!P30 -> Ho-oH | Q29: FIRE
B30: =Sheet1!B31 -> Snover | C30: Grass | D30: FIGHTING | E30: WATER | P30: =Sheet1!P31 -> Litwick | Q30: FIRE | R30: PSYCHIC
B31: =Sheet1!B32 -> Abomasnow | C31: Grass | D31: FIGHTING | E31: WATER | P31: =Sheet1!P32 -> Lampent | Q31: FIRE | R31: PSYCHIC
B32: =Sheet1!B33 -> Ferroseed | C32: Grass | D32: FIRE | E32: PSYCHIC | P32: =Sheet1!P33 -> Chandelure | Q32: FIRE | R32: PSYCHIC | S32: FIGHTING
B33: =Sheet1!B34 -> Ferrothorn | C33: Grass | D33: FIRE | E33: PSYCHIC
B34: =Sheet1!B35 -> Tangela | C34: Grass | D34: FIRE
B35: =Sheet1!B36 -> Tangrowth | C35: Grass | D35: FIRE | E35: WATER
B36: =Sheet1!B37 -> Scyther | C36: Grass | D36: LIGHTNING
B37: =Sheet1!B38 -> Leafeon | C37: Grass | D37: FIRE | E37: LIGHTNING
G41: . | H41: . | I41: . | J41: . | K41: . | L41: . | M41: . | N41: . | O41: . | P41: . | Q41: . | R41: .
G42: . | H42: . | I42: . | J42: . | K42: . | L42: . | M42: . | N42: . | O42: . | P42: . | Q42: . | R42: .
G43: . | H43: . | I43: . | J43: . | K43: . | L43: . | M43: . | N43: . | O43: . | P43: . | Q43: . | R43: .
G44: . | H44: . | I44: . | J44: . | K44: . | L44: . | M44: . | N44: . | O44: . | P44: . | Q44: . | R44: .
G45: . | H45: . | I45: . | J45: . | K45: . | L45: . | M45: . | N45: . | O45: . | P45: . | Q45: . | R45: .
G46: . | H46: . | I46: . | J46: . | K46: . | L46: . | M46: . | N46: . | O46: . | P46: . | Q46: . | R46: .
G47: . | H47: . | I47: . | J47: . | K47: . | L47: . | M47: . | N47: . | O47: . | P47: . | Q47: . | R47: .
G48: . | H48: . | I48: . | J48: . | K48: . | L48: . | M48: . | N48: . | O48: . | P48: . | Q48: . | R48: .
G49: . | H49: . | I49: . | J49: . | K49: . | L49: . | M49: . | N49: . | O49: . | P49: . | Q49: . | R49: .
G50: . | H50: . | I50: . | J50: . | K50: . | L50: . | M50: . | N50: . | O50: . | P50: . | Q50: . | R50: .
G51: . | H51: . | I51: . | J51: . | K51: . | L51: . | M51: . | N51: . | O51: . | P51: . | Q51: . | R51: .
G52: . | H52: . | I52: . | J52: . | K52: . | L52: . | M52: . | N52: . | O52: . | P52: . | Q52: . | R52: .
... G65: . | H65: . | I65: . | J65: . | K65: . | L65: . | M65: . | N65: . | O65: . | P65: . | Q65: . | R65: .

Sheet 1.7
B1: =B3/$K$3 -> 0.12781955 | C1: =C3/$K$3 -> 0.12030075 | D1: =D3/$K$3 -> 0.13909774 | E1: =E3/$K$3 -> 0.12781955 | F1: =F3/$K$3 -> 0.14285714 | G1: =G3/$K$3 -> 0.086466165 | H1: =H3/$K$3 -> 0.11278195 | I1: =I3/$K$3 -> 0.10150376 | J1: =J3/$K$3 -> 0.041353383 | N1: =N3/$W$3 -> 0.14731707 | O1: =O3/$W$3 -> 0.097560976 | P1: =P3/$W$3 -> 0.13170732 | Q1: =Q3/$W$3 -> 0.10439024 | R1: =R3/$W$3 -> 0.15219512 | S1: =S3/$W$3 -> 0.070243902 | T1: =T3/$W$3 -> 0.085853659 | U1: =U3/$W$3 -> 0.093658537 | V1: =V3/$W$3 -> 0.11707317
B2: Gen 1 | C2: Gen 2 | D2: Gen 3 | E2: Gen 4 | F2: Gen 5 | G2: Gen 6 | H2: Gen 7 | I2: Gen 8 | J2: Gen 9 | K2: Total | N2: Gen 1 | O2: Gen 2 | P2: Gen 3 | Q2: Gen 4 | R2: Gen 5 | S2: Gen 6 | T2: Gen 7 | U2: Gen 8 | V2: Gen 9 | W2: Total
B3: =K10 -> 34 | C3: =K11 -> 32 | D3: =K12 -> 37 | E3: =K13 -> 34 | F3: =K14 -> 38 | G3: =K15 -> 23 | H3: =K16 -> 30 | I3: =K17 -> 27 | J3: =K18 -> 11 | K3: =SUM(B3:J3) -> 266 | N3: 151 | O3: 100 | P3: 135 | Q3: 107 | R3: 156 | S3: 72 | T3: 88 | U3: 96 | V3: 120 | W3: =SUM(N3:V3) -> 1025
N4: =N6/$W$6 -> 0.14731707 | O4: =O6/$W$6 -> 0.097560976 | P4: =P6/$W$6 -> 0.13170732 | Q4: =Q6/$W$6 -> 0.10439024 | R4: =R6/$W$6 -> 0.15219512 | S4: =S6/$W$6 -> 0.070243902 | T4: =T6/$W$6 -> 0.085853659 | U4: =U6/$W$6 -> 0.093658537 | V4: =V6/$W$6 -> 0.11707317
B5: =B7/$K$3 -> 0.13533835 | C5: =C7/$K$3 -> 0.12030075 | D5: =D7/$K$3 -> 0.12406015 | E5: =E7/$K$3 -> 0.12406015 | F5: =F7/$K$3 -> 0.12781955 | G5: =G7/$K$3 -> 0.12406015 | H5: =H7/$K$3 -> 0.12030075 | I5: =I7/$K$3 -> 0.12406015 | ... K5: =K7/$K$3 -> 0.030075188 | N5: Gen 1 | O5: Gen 2 | P5: Gen 3 | Q5: Gen 4 | R5: Gen 5 | S5: Gen 6 | T5: Gen 7 | U5: Gen 8 | V5: Gen 9 | W5: Total
B6: Grass | C6: Fire | D6: Water | E6: Lightning | F6: Fighting | G6: Psychic | H6: Darkness | I6: Colorless | J6: Trainers | K6: Energies | L6: Total | N6: =N3*40% -> 60.4 | O6: =O3*40% -> 40 | P6: =P3*40% -> 54 | Q6: =Q3*40% -> 42.8 | R6: =R3*40% -> 62.4 | S6: =S3*40% -> 28.8 | T6: =T3*40% -> 35.2 | U6: =U3*40% -> 38.4 | V6: =V3*40% -> 48 | W6: =SUM(N6:V6) -> 410
B7: =C19 -> 36 | C7: =D19 -> 32 | D7: =E19 -> 33 | E7: =F19 -> 33 | F7: =G19 -> 34 | G7: =H19 -> 33 | H7: =I19 -> 32 | I7: =J19 -> 33 | J7: 36 | K7: 8 | L7: =SUM(B7:K7) -> 310 | N7: =N9/N6 -> 0.56291391 | O7: =O9/O6 -> 0.8 | P7: =P9/P6 -> 0.68518519 | Q7: =Q9/Q6 -> 0.79439252 | R7: =R9/R6 -> 0.60897436 | S7: =S9/S6 -> 0.79861111 | T7: =T9/T6 -> 0.85227273 | U7: =U9/U6 -> 0.703125 | V7: =V9/V6 -> 0.22916667
N8: Gen 1 | O8: Gen 2 | P8: Gen 3 | Q8: Gen 4 | R8: Gen 5 | S8: Gen 6 | T8: Gen 7 | U8: Gen 8 | V8: Gen 9 | W8: Total
B9: All | C9: Grass | D9: Fire | E9: Water | F9: Lightning | G9: Fighting | H9: Psychic | I9: Darkness | J9: Colorless | K9: Total | N9: =K10 -> 34 | O9: =K11 -> 32 | P9: =K12 -> 37 | Q9: =K13 -> 34 | R9: =K14 -> 38 | S9: =K15 -> 23 | T9: =K16 -> 30 | U9: =K17 -> 27 | V9: =K18 -> 11 | W9: =SUM(N9:V9) -> 266 | X9: {=W9+J7:K7} -> 302 | Y9: 274
B10: Gen 1 | C10: 2 | D10: 2 | E10: 7 | F10: 6 | G10: 4 | H10: 5 | I10: 5 | J10: 3 | K10: =SUM(C10:J10) -> 34 | L10: =K10/$K$19 -> 0.12781955
B11: Gen 2 | C11: 4 | D11: 5 | E11: 2 | F11: 3 | G11: 6 | H11: 2 | I11: 4 | J11: 6 | K11: =SUM(C11:J11) -> 32 | L11: =K11/$K$19 -> 0.12030075
B12: Gen 3 | C12: 7 | D12: 5 | E12: 6 | F12: 2 | G12: 3 | H12: 8 | I12: 2 | J12: 4 | K12: =SUM(C12:J12) -> 37 | L12: =K12/$K$19 -> 0.13909774
B13: Gen 4 | C13: 6 | D13: 1 | E13: 3 | F13: 5 | G13: 3 | H13: 4 | I13: 7 | J13: 5 | K13: =SUM(C13:J13) -> 34 | L13: =K13/$K$19 -> 0.12781955
B14: Gen 5 | C14: 6 | D14: 9 | E14: 4 | F14: 6 | G14: 3 | H14: 2 | I14: 5 | J14: 3 | K14: =SUM(C14:J14) -> 38 | L14: =K14/$K$19 -> 0.14285714
B15: Gen 6 | C15: 2 | D15: 2 | E15: 5 | F15: 2 | G15: 3 | H15: 3 | I15: 2 | J15: 4 | K15: =SUM(C15:J15) -> 23 | L15: =K15/$K$19 -> 0.086466165
B16: Gen 7 | C16: 6 | D16: 3 | E16: 3 | F16: 4 | G16: 6 | H16: 3 | I16: 1 | J16: 4 | K16: =SUM(C16:J16) -> 30 | L16: =K16/$K$19 -> 0.11278195
B17: Gen 8 | C17: 3 | D17: 2 | E17: 3 | F17: 3 | G17: 6 | H17: 3 | I17: 4 | J17: 3 | K17: =SUM(C17:J17) -> 27 | L17: =K17/$K$19 -> 0.10150376
B18: Gen 9 | C18: 0 | D18: 3 | E18: 0 | F18: 2 | G18: 0 | H18: 3 | I18: 2 | J18: 1 | K18: =SUM(C18:J18) -> 11 | L18: =K18/$K$19 -> 0.041353383
B19: Total | C19: =SUM(C10:C18) -> 36 | D19: =SUM(D10:D18) -> 32 | E19: =SUM(E10:E18) -> 33 | F19: =SUM(F10:F18) -> 33 | G19: =SUM(G10:G18) -> 34 | H19: =SUM(H10:H18) -> 33 | I19: =SUM(I10:I18) -> 32 | J19: =SUM(J10:J18) -> 33 | K19: =SUM(K10:K18) -> 266
C20: =C19/$K$19 -> 0.13533835 | D20: =D19/$K$19 -> 0.12030075 | E20: =E19/$K$19 -> 0.12406015 | F20: =F19/$K$19 -> 0.12406015 | G20: =G19/$K$19 -> 0.12781955 | H20: =H19/$K$19 -> 0.12406015 | I20: =I19/$K$19 -> 0.12030075 | J20: =J19/$K$19 -> 0.12406015
O27: Input
O28: 31 | P28: 255
O29: 30 | P29: =(O29*255)/31 -> 246.77419 | R29: 2
O30: 27 | P30: =(O30*255)/31 -> 222.09677 | R30: 3
O31: 24 | P31: =(O31*255)/31 -> 197.41935 | R31: 6
P32: Input
O33: 255 | P33: 31
O34: =(P34*31)/255 -> 30.14902 | P34: 248
O35: =(P35*31)/255 -> 33.796078 | P35: 278
O36: =(P36*31)/255 -> 0 | P36: 0

Sheet 1.6
B1: =B3/$K$3 -> 0.10798122 | C1: =C3/$K$3 -> 0.1314554 | D1: =D3/$K$3 -> 0.14553991 | E1: =E3/$K$3 -> 0.11737089 | F1: =F3/$K$3 -> 0.15492958 | G1: =G3/$K$3 -> 0.098591549 | H1: =H3/$K$3 -> 0.10328638 | I1: =I3/$K$3 -> 0.12206573 | J1: =J3/$K$3 -> 0.018779343
B2: Gen 1 | C2: Gen 2 | D2: Gen 3 | E2: Gen 4 | F2: Gen 5 | G2: Gen 6 | H2: Gen 7 | I2: Gen 8 | J2: Gen 9 | K2: Total
B3: 23 | C3: 28 | D3: 31 | E3: 25 | F3: 33 | G3: 21 | H3: 22 | I3: 26 | J3: 4 | K3: =SUM(B3:J3) -> 213
B5: =B7/$K$3 -> 0.18779343 | C5: =C7/$K$3 -> 0.1314554 | D5: =D7/$K$3 -> 0.14553991 | E5: =E7/$K$3 -> 0.12676056 | F5: =F7/$K$3 -> 0.12676056 | G5: =G7/$K$3 -> 0.12676056 | H5: =H7/$K$3 -> 0.15492958
B6: Grass | C6: Fire | D6: Water | E6: Lightning | F6: Fighting | G6: Psychic | H6: Colorless | I6: Total
B7: 40 | C7: 28 | D7: 31 | E7: 27 | F7: 27 | G7: 27 | H7: 33 | I7: =SUM(B7:H7) -> 213
I8: =254-I7 -> 41 | K8: All | L8: Grass | M8: Fire | N8: Water | O8: Lightning | P8: Fighting | Q8: Psychic | R8: Colorless | S8: Total
I9: =I8-7 -> 34 | K9: Gen 1 | L9: 2 | M9: 2 | N9: 7 | O9: 4 | P9: 4 | Q9: 1 | R9: 3 | S9: =SUM(L9:R9) -> 23 | T9: =S9/$S$18 -> 0.10798122
K10: Gen 2 | L10: 6 | M10: 6 | N10: 2 | O10: 1 | P10: 3 | Q10: 4 | R10: 6 | S10: =SUM(L10:R10) -> 28 | T10: =S10/$S$18 -> 0.1314554
K11: Gen 3 | L11: 9 | M11: 5 | N11: 3 | O11: 2 | P11: 3 | Q11: 5 | R11: 4 | S11: =SUM(L11:R11) -> 31 | T11: =S11/$S$18 -> 0.14553991
K12: Gen 4 | L12: 4 | M12: 1 | N12: 3 | O12: 4 | P12: 2 | Q12: 6 | R12: 5 | S12: =SUM(L12:R12) -> 25 | T12: =S12/$S$18 -> 0.11737089
K13: Gen 5 | L13: 6 | M13: 6 | N13: 4 | O13: 6 | P13: 3 | Q13: 5 | R13: 3 | S13: =SUM(L13:R13) -> 33 | T13: =S13/$S$18 -> 0.15492958
K14: Gen 6 | L14: 2 | M14: 2 | N14: 7 | O14: 2 | P14: 3 | Q14: 2 | R14: 3 | S14: =SUM(L14:R14) -> 21 | T14: =S14/$S$18 -> 0.098591549
K15: Gen 7 | L15: 7 | M15: 1 | N15: 2 | O15: 3 | P15: 3 | Q15: 2 | R15: 4 | S15: =SUM(L15:R15) -> 22 | T15: =S15/$S$18 -> 0.10328638
K16: Gen 8 | L16: 4 | M16: 2 | N16: 3 | O16: 5 | P16: 6 | Q16: 2 | R16: 4 | S16: =SUM(L16:R16) -> 26 | T16: =S16/$S$18 -> 0.12206573
K17: Gen 9 | L17: 0 | M17: 3 | N17: 0 | O17: 0 | P17: 0 | Q17: 0 | R17: 1 | S17: =SUM(L17:R17) -> 4 | T17: =S17/$S$18 -> 0.018779343
K18: Total | L18: =SUM(L9:L17) -> 40 | M18: =SUM(M9:M17) -> 28 | N18: =SUM(N9:N17) -> 31 | O18: =SUM(O9:O17) -> 27 | P18: =SUM(P9:P17) -> 27 | Q18: =SUM(Q9:Q17) -> 27 | R18: =SUM(R9:R17) -> 33 | S18: =SUM(S9:S17) -> 213
L19: =L18/$S$18 -> 0.18779343 | M19: =M18/$S$18 -> 0.1314554 | N19: =N18/$S$18 -> 0.14553991 | O19: =O18/$S$18 -> 0.12676056 | P19: =P18/$S$18 -> 0.12676056 | Q19: =Q18/$S$18 -> 0.12676056 | R19: =R18/$S$18 -> 0.15492958

Sheet Sheet7
D1: GRASS | E1: FIRE | F1: WATER | G1: LIGHTNING | H1: FIGHTING | I1: Psychic | J1: DARKNESS | K1: Colorless | L1: Trainers | M1: Energy | P1: GRASS | Q1: FIRE | R1: WATER | S1: LIGHTNING | T1: FIGHTING | U1: Psychic | V1: DARKNESS | W1: Colorless | X1: Trainers | AA1: GRASS | AB1: FIRE | AC1: WATER | AD1: LIGHTNING | AE1: FIGHTING | AF1: Psychic | AG1: DARKNESS | AH1: Colorless | AI1: Trainers | AL1: GRASS | AM1: FIRE | AN1: WATER | AO1: LIGHTNING | AP1: FIGHTING | AQ1: Psychic | AR1: DARKNESS | AS1: Colorless | AT1: Trainers
B2: Colosseum | D2: =COUNTIF(C3:C80,"GRASS") -> 9 | E2: =COUNTIF($C$3:$C$80,"fire") -> 7 | F2: =COUNTIF($C$3:$C$80,"water") -> 8 | G2: =COUNTIF($C$3:$C$80,"lightning") -> 8 | H2: =COUNTIF($C$3:$C$80,"fighting") -> 8 | I2: =COUNTIF($C$3:$C$80,"psychic") -> 7 | J2: =COUNTIF($C$3:$C$80,"darkness") -> 7 | K2: =COUNTIF($C$3:$C$80,"colorless") -> 8 | L2: =COUNTIF($C$3:$C$80,"trainers") -> 8 | M2: 7 | N2: Evolution | P2: =COUNTIF(O3:O80,"GRASS") -> 9 | Q2: =COUNTIF($O$3:$O$80,"fire") -> 9 | R2: =COUNTIF($O$3:$O$80,"water") -> 9 | S2: =COUNTIF($O$3:$O$80,"lightning") -> 8 | T2: =COUNTIF($O$2:$O$79,"fighting") -> 8 | U2: =COUNTIF($O$3:$O$80,"psychic") -> 8 | V2: =COUNTIF($O$3:$O$80,"darkness") -> 7 | W2: =COUNTIF($C$3:$C$80,"colorless") -> 8 | X2: =COUNTIF($O$3:$O$80,"trainers") -> 8 | Y2: Mystery | AA2: =COUNTIF(Z3:Z80,"GRASS") -> 9 | AB2: =COUNTIF($Z$3:$Z$80,"fire") -> 7 | AC2: =COUNTIF($Z$3:$Z$80,"water") -> 9 | AD2: =COUNTIF($Z$3:$Z$80,"lightning") -> 8 | AE2: =COUNTIF($Z$3:$Z$80,"fighting") -> 8 | AF2: =COUNTIF($Z$3:$Z$80,"psychic") -> 7 | AG2: =COUNTIF($Z$3:$Z$80,"darkness") -> 8 | AH2: =COUNTIF($Z$3:$Z$80,"colorless") -> 6 | AI2: =COUNTIF($Z$3:$Z$80,"trainers") -> 9 | AJ2: Laboratory | AL2: =COUNTIF(AK3:AK80,"GRASS") -> 8 | AM2: =COUNTIF($AK$3:$AK$80,"fire") -> 7 | AN2: =COUNTIF($AK$3:$AK$80,"water") -> 6 | AO2: =COUNTIF($AK$2:$AK$79,"lightning") -> 8 | AP2: =COUNTIF($AK$3:$AK$80,"fighting") -> 10 | AQ2: =COUNTIF($AK$3:$AK$80,"psychic") -> 9 | AR2: =COUNTIF($AK$3:$AK$80,"darkness") -> 7 | AS2: =COUNTIF($AK$3:$AK$80,"colorless") -> 9 | AT2: =COUNTIF($AK$3:$AK$80,"trainers") -> 8
B3: =Sheet1!B3 -> Chikorita | C3: GRASS | D3: Total | E3: =SUM(D2:M2) -> 77 | N3: Wurmple | O3: GRASS | P3: Total | Q3: =SUM(P2:Y2) -> 74 | Y3: Applin | Z3: GRASS | AA3: Total | AB3: =SUM(AA2:AJ2)+1 -> 72 | AJ3: Bounsweet | AK3: GRASS | AL3: Total | AM3: =SUM(AL2:AU2) -> 72 | AN3: 27 | AO3: =AM3+AN3 -> 99 | AP3: =AM3-AN3 -> 45
B4: =Sheet1!B4 -> Bayleef | C4: GRASS | N4: Silcon | O4: GRASS | Y4: Appletun | Z4: GRASS | AJ4: Steenee | AK4: GRASS | AN4: =AM3/100 -> 0.72 | AO4: =AO3/AN3 -> 3.6666667 | AP4: =AP3+AM3 -> 117
B5: =Sheet1!B5 -> Meganium | C5: GRASS | N5: Beautifly | O5: GRASS | Y5: Flapple | Z5: GRASS | AJ5: Tsareena | AK5: GRASS | AM5: =AN3/AM3 -> 0.375 | AN5: =AN3/AN4 -> 37.5 | AO5: =AO4/10 -> 0.36666667 | AP5: =AP4/2 -> 58.5
B6: Shellmet | C6: GRASS | N6: Rowlet | O6: GRASS | Y6: Illumise | Z6: GRASS | AJ6: Snover | AK6: GRASS
B7: Accelgor | C7: GRASS | N7: Dartrix | O7: GRASS | Y7: Volbeat | Z7: GRASS | AJ7: Abomasnow | AK7: GRASS
B8: Karrablast | C8: GRASS | N8: Decidueye | O8: GRASS | Y8: Tangela | Z8: GRASS | AJ8: Phantump | AK8: GRASS
B9: Escavalier | C9: GRASS | N9: Ferroseed | O9: GRASS | Y9: Tangrowth | Z9: GRASS | AJ9: Trevenant | AK9: GRASS
B10: Shroomish | C10: GRASS | N10: Ferrothorn | O10: GRASS | Y10: Yanmma | Z10: GRASS | AJ10: Scyther | AK10: GRASS
B11: Breloom | C11: GRASS | N11: Leafeon | O11: GRASS | Y11: Yanmega | Z11: GRASS | AJ11: Numel | AK11: FIRE
B12: Tepig | C12: FIRE | N12: Magby | O12: FIRE | Y12: Houndour | Z12: FIRE | AJ12: Camerupt | AK12: FIRE
B13: Pignite | C13: FIRE | N13: Magmar | O13: FIRE | Y13: Houndoom | Z13: FIRE | AJ13: Litwick | AK13: FIRE
B14: Emboar | C14: FIRE | N14: Magmortar | O14: FIRE | Y14: Bagon | Z14: FIRE | AJ14: Lampent | AK14: FIRE
B15: Sizzlipede | C15: FIRE | N15: Darumaka | O15: FIRE | Y15: Shelgon | Z15: FIRE | AJ15: Chandelure | AK15: FIRE
B16: Centiskorch | C16: FIRE | N16: Darmanitan | O16: FIRE | Y16: Salamance | Z16: FIRE | AJ16: Druddigon | AK16: FIRE
B17: Salandit | C17: FIRE | N17: Fuecoco | O17: FIRE | Y17: Litleo | Z17: FIRE | AJ17: Turtonator | AK17: FIRE
... B72: Revive | C72: Trainers | N72: Energy Retrieval | O72: Trainers | Y72: Pkmn Center Lady | Z72: Trainers | AJ72: Rare Candy | AK72: Trainers
N73: Super Potion | O73: Trainers | Y73: Marnie | Z73: Trainers | AJ73: Energy Removal | AK73: Trainers
N74: Copycat | O74: Trainers | AJ74: Item Finder | AK74: Trainers
N75: Mr.Fuji | O75: Trainers
N76: Imposter Oak | O76: Trainers
